"ASN","Entity"
"174","COGENT-174 - Cogent Communications, US"
"612","US | PRECISIONTECH - PRECISION TECHNOLOGY Inc,US"
"984","OCTOPUS WEB SOLUTION INC"
"1215","Oracle Corporation"
"1299","Arelion Sweden AB"
"1401","DSW Information Technology LLC. (DBI-CMH1)"
"1442","SureHosting Internet Solutions, Inc."
"2611","BELNET, BE"
"3064","Ntirety, Inc. (AFFINITY-FTL)"
"3214","xTom"
"3223","VOXILITY, RO"
"3396","US | EGG - T G & A"
"3502","US | INTNET"
"3561","CENTURYLINK-LEGACY-SAVVIS - Savvis, US"
"3563","US | PILOT-ASN - Pilot Network Services, Inc,US"
"3700","CLOUD9 - Cloud 9 Internet"
"3722","Tranquil Hosting, Inc."
"3791","US | VCHS-AS - Via Christi Health System, Inc., US"
"3842","RAMNODE - RamNode LLC, US"
"3904","US | ASTHOUGHTPRT - ThoughtPort inc., US"
"4250","ALENT-ASN-1 - Alentus Corporation, US"
"4323","TWTC - tw telecom holdings, inc., US"
"4378","Ntirety, Inc. (HOSTINGCOM)"
"4640","AT | The Internetworking Corporation, Hong Kong"
"4646","SunnyVision Limited"
"4694","IDC Yahoo Japan Corporation, JP"
"4785","xTom"
"4851","Host Networks"
"5041","AS-CLOUDKLEYER - cloudKleyer Canada Corp."
"5521","PS-CLOUD PlusServer GmbH"
"5537","RU-CENTER-AS"
"5541","IL | INVITE Systems SRL"
"5577","ROOT, LU"
"5631","Luminet Data Limited"
"5755","US | QNETIX-AS"
"5784","US | GETNET - Getnet International, US"
"6142","Oracle Corporation"
"6188","VPS Datacenter, LLC"
"6218","US | MIBX - MIBX, Inc., US"
"6364","ATLANTIC-NET-1 - Atlantic.net, Inc., US"
"6428","CDM - CDM, US"
"6461","ZAYO-6461 - Zayo Bandwidth, US"
"6560","ZA | GEM Internet Company (Pty) LTD"
"6603","US | CottonWood CyberVentures"
"6659","NEXINTO-DE PlusServer GmbH"
"6696","VERIXI - VERIXI SA, BE"
"6718","NAV DATACENTER TELECOM SRL"
"6724","STRATO STRATO AG, DE"
"6729","LV | SUNOKMAN-AS, LV"
"6789","CRELCOM-NET CRELCOM LLC"
"6870","H1ASN, RU"
"6939","HURRICANE - Hurricane Electric, Inc., US"
"7052","US | Hi-Tech Services, Inc."
"7097","Ntirety, Inc. (HWSERVICES)"
"7156","BR | AGATE2 - Agate Internet Services, Inc.,US"
"7158","US | NETFEED-AS - NetEx Online Services, US"
"7160","Oracle Corporation"
"7181","TierPoint, LLC"
"7195","EdgeUno"
"7203","LEASEWEB-USA-SFO-12 - Leaseweb USA, Inc., US"
"7215","Ntirety, Inc. (AHNET-AS)"
"7259","US | net.Genesis Corp"
"7289","US | Platinum Internet Group"
"7309","US | The Virtual Marketing Corporation"
"7337","US | Southern NJ Internet Providers"
"7349","Windstream Hosted Solutions, LLC"
"7455","US | MOTO-INT1-AS - Motorists Mutual Insurance Company,US"
"7489","HOSTUS-GLOBAL-AS HostUS, HK"
"7506","INTERQ GMO Internet,Inc, JP"
"7544","US | COMCLARK-IXG ComClark Network & Technology Corp,PH"
"7595","Readyspace Network Pte Ltd, Hosted Solutions Provider,Singapore"
"7598","Websense Hosted Security - AsiaPac region"
"7655","US | TWNAP-ADMIN-AS-AP Peering AS,TW"
"7827","US | American Business Information"
"7850","CITYLINKFIBER - iHighway.net, Inc., US"
"7880","AT | NEURAL-AS - Neural Applications,US"
"7883","US | UNITEDSYSTEMSACCESS - United Systems Access, US"
"7907","US | Networldtron Corp"
"7918","US | Larkom"
"7979","SERVERS - Servers.com, Inc., US"
"8075","MICROSOFT-CORP-MSN-AS-BLOCK - Microsoft Corporation, US"
"8095","EU | NETVALUE - Netvalue, Inc., US"
"8100","ASN-QUADRANET-GLOBAL - QuadraNet, Inc, US"
"8219","RU | EXPERT-TELECOM-AS _IC_Expert_ Company Limited"
"8254","ROUTE95 - GREEN FLOID LLC"
"8262","Evolink EAD"
"8304","ECRITEL-FRANCE Ecritel SASU"
"8315","WorldStream B.V."
"8368","BENESOL-BACKBONE - Destiny N.V, BE"
"8455","ATOM86-AS ATOM86, NL"
"8477","ZTS Echostar Studio Poznan Poland"
"8556","Levantis Hosting GmbH"
"8560","ONEANDONE-AS Brauerstrasse 48, DE"
"8607","Digital Space Group Limited (TIMICO)"
"8648","ONE-NETWORK"
"8686","Digital Space Group Limited (SYSONLINE)"
"8689","Digital Space Group Limited (POWERNETUK)"
"8838","STRIPE-21-GROUP-LIMITED - Compuweb Communications Services Limited (CWCS)"
"8849","Melbikomas UAB"
"8851","GCI Network Solutions Limited / Nasstar (EDGE)"
"8972","PLUSSERVER-AS, DE"
"9009","M247, GB"
"9032","Citytelecom LLC (LIDER-RF-DC)"
"9053","VSHosting s.r.o. (VSHOSTING-CDN)"
"9123","JSC TIMEWEB"
"9166","HostIT NV"
"9188","InfoServe GmbH (INFOSERVE-AS)"
"9191","Digital Space Group Limited (NEWNET)"
"9248","NHL-AS2 Netwise Hosting Ltd"
"9290","GoHosting"
"9312","xTom (Mullvad)"
"9370","SAKURA-B SAKURA Internet Inc., JP"
"9412","Hostworks Content Delivery System"
"9667","Hostworks Pty Ltd"
"9683","KR | SK  Telecom"
"9823","Education Web Hosting"
"9925","Powerbase DataCenter Services (HK) Ltd."
"10114","CN | ASIANET-AP PT.Medialintas Antar Buana, ID"
"10122","CN | Beijing Jiasheng Lianhua technical Co. Ltd"
"10123","CN | Guangzhou Tenmark Networks Technology Ltd"
"10200","Web hosting provider and ISP connectivity."
"10207","Interhost Pacific Pty Ltd t/a Intervolve."
"10297","ENET-2 - eNET Inc., US"
"10439","CARINET - CariNet, Inc., US"
"10462","US | Shadow Infromation Services"
"10532","Rackspace Hosting"
"10673","Ntirety, Inc. (AFFINI)"
"10704","BR | ML Telecom"
"10737","US | BACTC - CellularONE, US"
"10741","CA | WAMNET - Wam Net Enterprises Inc.,US"
"10749","Ntirety, Inc. (AFFINET)"
"10765","CLOUDNET-AS - CloudNet"
"10908","CLOUDFLOORAS - CloudfloorDNS"
"10929","NETELLIGENT - Netelligent Hosting Services Inc., CA"
"10963","US | Netragy LLC"
"11029","US | Border Technology, LLC"
"11114","WINTEK-CORP - Wintek Corporation, US"
"11180","TierPoint, LLC"
"11230","Managed Hosting Services, LLC"
"11235","Itron-Hosting"
"11274","Adhost Internet Advertising, LLC"
"11282","SERVERYOU - SERVERYOU INC"
"11383","TierPoint, LLC"
"11464","TierPoint, LLC"
"11588","HIGHWINDS - Highwinds Network Group, Inc., US"
"11754","US | ORANGE COUNTY NETWORKS, LLC"
"11831","ESECUREDATA - eSecureData, CA"
"11849","US | ALTEC-IT - Altec IT, US"
"11878","TZULO - tzulo, inc., US"
"11931","US | Zenith Networking"
"11989","WEBINT - HostPapa"
"12364","GR | University of Macedonia, Economic and Social Sciences"
"12506","NL | Inspiring Networks BV"
"12586","ASGHOSTNET, DE"
"12616","Citytelecom LLC (HOSTING-MSK)"
"12617","Solido Hosting A/S"
"12679","LT | Sokolov Dmitry Nikolaevich"
"12720","BG | BULGARIAONLINE , BG"
"12722","RECONN"
"12876","AS12876, FR"
"12989","HWNG, NL"
"13209","Atom Hosting SRL"
"13213","UK2NET-AS, GB"
"13301","WIIT AG (UNITEDCOLO-AS)"
"13332","HYPEENT-SJ - Hype Enterprises, US"
"13335","Cloudflare"
"13389","US | AZUKI"
"13537","US | MEGACOLO - Mega Colocation"
"13557","US | NETIN - NetIn.com, Inc. Dallas Texas,US"
"13647","Tranquil Hosting, Inc."
"13737","INCX Global (Windscribe)"
"13739","DATACENTER-IP - Datacenter IP, LLC, US"
"13798","US | BRIGHT - Brightfinity, LLC,US"
"13909","Techie Hosting, Inc."
"13916","PROOFPOINT-UT7 - Proofpoint, Inc., US"
"13926","RBLHST-NY - Strong Technology, LLC., US"
"13955","Echostar Broadcasting Corporation"
"14004","Nocix, LLC (1530SWIFT)"
"14029","ZW | DC Econet"
"14061","DIGITALOCEAN-ASN - Digital Ocean, Inc., US"
"14113","Ntirety, Inc. (HOSTINGCOM)"
"14120","IT Hosting Services, LLC."
"14127","ILAND - Iland Internet Solutions Corporation, US"
"14141","TOTAL-SERVER-SOLUTIONS - Total Server Solutions L.L.C."
"14160","Premium Hosting, Inc."
"14179","AU | Interactive Gaming and Wagering N.V."
"14202","US | [Name not set and lost]"
"14230","INVOLTA - Involta, US"
"14244","NSI Hosting"
"14280","Ntirety, Inc. (NETNATION)"
"14384","HOST DESIGNS, LLC"
"14415","Host Collective, Inc."
"14439","SWIFTNODE-LLC - Swiftnode LLC"
"14442","Media-Hosts Inc."
"14563","Internap Holding LLC (DATAGRAM-PACIFIC)"
"14567","Springs Hosting"
"14572","US | N2V - N2V, INC.,US"
"14576","Hosting Solution Ltd."
"14586","Nuclearfallout Enterprises, Inc."
"14618","AMAZON-AES - Amazon.com, Inc., US"
"14636","Internap Holding LLC (INTERNAP-BLK4)"
"14670","SOLAR-VPS - OC1-SolarVPS"
"14708","WebHost Chile S.A."
"14770","US | NOBLE AMERICAS CORP."
"14986","Ultra Hosting"
"14987","Rethem Hosting LLC"
"14992","CrystalTech Web Hosting Inc."
"15003","NOBIS-TECH - Nobis Technology Group, LLC, US"
"15083","INFOLINK-MIA-US - Infolink Global Corporation, US"
"15169","GOOGLE - Google Inc., US"
"15189","HostVentures.com, Inc."
"15216","Ntirety, Inc. (HOSTWAY)"
"15244","ADD2NET-INC - HostPapa"
"15395","RACKSPACE-LON, GB"
"15497","COLOCALL Internet Data Center ColoCALL, UA"
"15510","CWCS-PS, GB"
"15626","ITLAS, UA"
"15727","Digital Space Group Limited (KEME-IPSWICH)"
"15734","IDH, ES"
"15919","Servicios de Hosting en Internet S.A."
"15960","WIIT AG (GLOBALACCESS)"
"16034","Digital Space Group Limited (KEME)"
"16095","Sentia Danmark A/S (JAYNET)"
"16125","CHERRYSERVERS1-AS, LT"
"16245","Sentia Danmark A/S (NGDC)"
"16262","DELTA-LTD-AS, RU"
"16276","OVH, FR"
"16278","WorldStream B.V."
"16284","UNSPECIFIED, NG"
"16312","NO | SURFSAFE-AS, NO"
"16397","EQUINIX BRASIL SP, BR"
"16509","AMAZON-02 - Amazon.com, Inc., US"
"16535","Echostar Holding Purchasing Corporation"
"16628","DEDICATED-FIBER-COMMUNICATIONS - DedFiberCo, US"
"16652","Riseup Networks"
"16695","TierPoint, LLC"
"16858","TierPoint, LLC"
"16862","Kansas Hosting, LLC"
"16973","Corporacion Hostarica S.A."
"17019","JCHost Internet Services, LLC"
"17048","US | AWKNET-LLC"
"17113","TierPoint, LLC"
"17139","NETRANGE - Corporate Colocation Inc."
"17185","Data102 (D102-PHL-1)"
"17216","DC74-AS - DC74 LLC, US"
"17312","ID | TERNETCONNEC,ZA"
"17378","TierPoint, LLC"
"17393","SERVERGRID - The Aldridge Company"
"17439","Netmagic Datacenter Mumbai"
"17440","AU | SAANET-AS-ID PT Sinar Alam Abadi, ID"
"17451","BIZNET NETWORKS"
"17669","INFOPLEX Hosting and Managed Service Provider Asia Pacific"
"17683","CA | WINTECH-COM Wingtechnology Communications, Inc.,JP"
"17881","Inet Hosting Inc."
"17918","INFOPLEX Hosting and Managed Service Provider Asia Pacific"
"17920","Ultra Serve Internet Pty Ltd - Transit AS - Hosting Provider"
"17971","TM-VADS DC Hosting"
"17997","CN | China Enterprise Communications Ltd."
"18013","AU | ASLINE LIMITED"
"18025","PH | ACE-1-WIFI-AS-AP Ace-1 Wifi Network"
"18120","Gemini Software Solutions (P) Ltd. Hosting Services, India"
"18447","Ntirety, Inc. (AFFINITY-INTER)"
"18450","WEBNX - WebNX, Inc., US"
"18570","EchoStar Broadcasting Corperation"
"18586","US | DIVINEHOST - Divine Hosting Services"
"18645","US | Netragy LLC"
"18650","KORAX - HostPapa"
"18779","EGIHOSTING - EGIHosting, US"
"18837","Oracle Corporation (AddThis)"
"18978","ENZUINC-US - Enzu Inc, US"
"18981","US | IPSTRADA - Supreme Telecom Systems, Inc., US"
"18984","SERVERCAVE - Janus Host"
"19019","TierPoint, LLC"
"19084","COLOUP - ColoUp, US"
"19133","Bird Hosting Inc."
"19148","Leaseweb USA, Inc."
"19234","Canada Web Hosting"
"19235","Ntirety, Inc. (HOSTING-COM)"
"19318","NJIIX-AS-1 - NEW JERSEY INTERNATIONAL INTERNET EXCHANGE LLC,"
"19374","TierPoint, LLC"
"19376","JUSTNET Ministerie van Justitie, NL"
"19437","SS-ASH - SECURED SERVERS LLC, US"
"19531","NODESDIRECT - Nodes Direct, US"
"19549","SERVERSILO - HostPapa"
"19624","SERVERROOM - Data Room, Inc, US"
"19710","US | DINO-SOL"
"19832","za | Link Data Group"
"19844","GORACK - GoRack LLC, US"
"19871","NETWORK-SOLUTIONS-HOSTING - Network Solutions, LLC, US"
"19894","US | Novel, Inc (novelscs.com)"
"19969","JOESDATACENTER - Joe's Datacenter, LLC, US"
"20021","LNH-INC - HostMySite, US"
"20068","Hawk Host Inc."
"20150","AS20150 - anyNode, US"
"20248","Take 2 Hosting, Inc."
"20264","WEBAIR-INTERNET-2 - Webair Internet Development Company Inc."
"20278","Nexeon Technologies, Inc."
"20360","CA | OppoBox LLC"
"20401","Hostway Corporation"
"20448","VPNtranet, LLC."
"20450","Trojan Hosting, LLC."
"20454","SSASN2 - SECURED SERVERS LLC, US"
"20473","AS-CHOOPA - Choopa, LLC, US"
"20598","CYBERSPACE-AS Autonomous System number for Cyber Space, IL"
"20616","Cyber_Folks-RO-DC_PIE Cyber_Folks SRL"
"20621","OPENIT PlusServer GmbH"
"20679","HSO / Syntura Group Limited"
"20692","NetGate Datacenter ASN"
"20714","UA | Merlin-Telekom LLC"
"20730","GB | BIKS+ Ltd."
"20738","AS20738, GB"
"20773","HOSTEUROPE-AS, DE"
"20836","CDLAN-AS Milano, IT"
"20857","TRANSIP-AS"
"20860","IOMART-AS, GB"
"20949","INCOSOFT - 1 Cloud Lab s.r.o. (ex-Colocall)"
"21100","ITLDC-NL, UA"
"21130","IOMART CLOUD SERVICES LIMITED (IOMART-IE)"
"21155","ASN-PROSERVE"
"21159","NOVOSERVE-GMBH-AS Frankfurt, Germany, NL"
"21217","Safe Host SA"
"21321","ARETI-AS, GB"
"21584","US | X2CLOUD-MAIN - X2Cloud"
"21679","SERVERSIDE-01 - Server Side"
"21773","AS-PUH - Hostwinds LLC."
"21859","ZNET - Zenlayer Inc, US"
"21926","US | TREASUREISLAND-ASN1 - Treasure Island Colocation"
"21983","US | AURORNET - Aurora Networking, US"
"22119","US | Junction Methods, LLC"
"22152","OC Hosting, Inc."
"22211","Internap Holding LLC (INTERNAP-FCP)"
"22363","PHMGMT-AS1 - Powerhouse Management, Inc., US"
"22427","US | United Colo"
"22552","ESITED - eSited Solutions, US"
"22558","VPSDATACENTER - VPS Datacenter"
"22611","InMotion Hosting, Inc."
"22628","US | Alta Tecnologia (ALTEC), S.A."
"22676","US | TELENTIA - Telentia, US"
"22720","Rackspace Hosting"
"22781","RBLHST - Strong Technology, LLC., US"
"22893","US | CYBERWORLD-INT - Cyber World Internet Services, Inc., US"
"22903","Edgewebhosting.net"
"22979","US | DUPACO-COM-BGP"
"23033","WOW - Wowrack.com, US"
"23052","ihost Solutions, Inc."
"23108","Quantact Hosting Solutions, Inc."
"23273","Santa Barbara Web Hosting, Inc."
"23312","US | NAQUEIT - Naque IT, US"
"23342","UNITEDLAYER - Unitedlayer, Inc., US"
"23352","SERVERCENTRAL - Server Central Network, US"
"23450","US | Triumph Networking LLC"
"23470","RELIABLESITE, US"
"23535","HostRocket.com, Inc."
"23537","US | MICROSOURCEASN - Micro Source, Inc."
"23881","UDomain Web Hosting Company Ltd"
"24142","CN | Shanghai Bennalong Network Technology Co.,LTD"
"24220","Hostcentral"
"24381","Web Hosting and Colocation Services"
"24428","CN | Beijing Founder Broadband Network Technology Co.,Ltd"
"24482","SGGS-AS-AP SG.GS, SG"
"24549","Pacificnet Hosting Ltd"
"24558","Internet Hosting Service Provider to the Aditya"
"24589","Telenet SIA (TELENETSIA-AS)"
"24611","Datacenter Luxembourg S.A."
"24669","CLOUVIDER-NETWORK-OPTIMISATION Clouvider Limited"
"24676","Keyweb AG (LINETEX-AS)"
"24679","Hostway Deutschland GmbH"
"24725","Hostmaster LLC"
"24768","ALMOUROLTEC, PT"
"24778","Datapipe-UK - Rackspace Ltd."
"24867","Adapt-AS - Rackspace Ltd."
"24875","NOVOSERVE-AS, NL"
"24931","DediPower Managed Hosting Limited"
"24940","HETZNER-AS, DE"
"24958","The Bunker Secure Hosting Limited"
"24961","MYLOC-AS, DE"
"24969","DIR-AS Itm8 A/S (ITM8 / TDC Hosting)"
"24971","MASTER-AS Czech Republic / www.master.cz, CZ"
"24973","KOMPLEX-AS"
"24997","AS for CDN"
"25048","DSNet Hosting Limited"
"25065","CEGEKA-CLOUD / Cegeka NV"
"25074","INETBONE-AS PlusServer GmbH"
"25116","Cyber_Folks-RO-Gazduire Cyber_Folks SRL"
"25128","Hostway Deutschland GmbH"
"25163","NG-NIGERIA-AS, NG"
"25260","QualityHosting AG"
"25288","LIR-UKRAINE-AS"
"25335","GB | Next Global Services L.p."
"25369","BANDWIDTH-AS, GB"
"25379","PEKITEL-AS, RU"
"25459","Nedzzone"
"25467","Akton d.o.o."
"25484","firstcolo GmbH (FIRSTCOLO-HA)"
"25486","DE | 'Lightup Network Solutions GmbH & Co. KG"
"25525","WorldStream B.V. (REASONNET-AS)"
"25532",".masterhost autonomous system"
"25537","RU-CENTER-AS"
"25642","Spiderhost Inc"
"25653","FORTRESSITX - FortressITX, US"
"25697","UpCloud USA Inc"
"25737","JONE"
"25780","HUGESERVER-NETWORKS - HugeServer Networks, LLC, US"
"25820","IT7NET - IT7 Networks Inc, CA"
"25847","Leaseweb USA, Inc."
"25868","Ace Data Centers II, L.L.C. (ACEDATACENTERS-CORPORATE-NETWORK)"
"25897","SERVERBEACH - Cogeco Peer 1 (USA) Inc."
"25926","HostUS"
"26044","US | DEDIPRO - Dedicated Professionals"
"26045","US | NOC24-LLC - NOC24 LLC,US"
"26094","TierPoint, LLC"
"26163","Internap Holding LLC (DATAGRAM)"
"26272","US | -Reserved AS-, ZZ, US"
"26277","Las Vegas NV Datacenter"
"26383","Baxet Group Inc."
"26386","DEEPSYS-CHICAGO - Deep Systems LLC"
"26481","Rebel Hosting"
"26484","HOSTSPACE NETWORKS LLC"
"26519","Ace Data Centers II, L.L.C. (ACEDATACENTERS-DCH)"
"26639","Ace Data Centers II, L.L.C. (ACEDATACENTERS)"
"26643","Ace Data Centers II, L.L.C. (ACEDATACENTERS)"
"26658","US | HENGTONG-IDC-LLC"
"26754","ZA | SPIDD-AFRICA"
"26896","Data102 (D102-COS-2)"
"26930","US | Quantum Hosting"
"26942","Ntirety, Inc. (HOSTING-COM-ARIN)"
"26969","Ace Data Centers II, L.L.C. (ACEDATACENTERS-DCH)"
"26978","Carpathia Hosting, Inc."
"27175","AtNetHost LLC"
"27223","Bare Metal Hosting"
"27229","Webhosting.Net, Inc."
"27257","WEBAIR-INTERNET - Webair Internet Development Company Inc.,"
"27310","180SERVERS - 180Servers.com"
"27323","Wowrack.com (ServerStadium)"
"27357","Rackspace Hosting"
"27411","Leaseweb USA, Inc. (Windscribe)"
"27467","TierPoint, LLC"
"27524","US | XEEX-COMMUNICATIONS - Xeex, US"
"27582","TierPoint, LLC"
"27589","MOJOHOST"
"27597","Siteserver Hosting, Inc."
"27640","GIGAS HOSTING USA, LLC"
"27846","AR | DOS MONOS S.A."
"28092","PA | Panama Hosting Technologies"
"28099","iHosting Servicios Internet Ltda."
"28216","Host Revenda"
"28333","Local Datacenter Solu&#231;&#245;es em Comunica&#231;&#227;o Ltda."
"28490","US | TELEVISION POR CABLE DEL NORTE DE SONORA S.A. DE C.V.,MX"
"28639","BR | LocalNet Network"
"28747","Easyhost BVBA"
"28753","LEASEWEB-, DE"
"28762","Citytelecom LLC (Datahouse-SPB)"
"28836","WorldStream B.V."
"28855","GalacSYS is an hosting and managed services provider"
"28997","Nedcomp Hosting B.V."
"29006","POBOX-AS Acora Limited"
"29066","VELIANET-AS velia.net Internetdienste GmbH, DE"
"29067","Hostmaster LLC"
"29073","QUASINETWORKS, NL"
"29097","Hostpoint AG, Switzerland"
"29119","ServiHosting Networks S.L."
"29131","IOMART CLOUD SERVICES LIMITED (RAPIDSWITCH-AS)"
"29134","IGNUM-AS Webglobe, s.r.o."
"29140","Autonomous System Hostserver GmbH"
"29182","ISPSYSTEM-AS, LU"
"29302","HSI-EUROPE, GB"
"29311","ASP4all Hosting B.V."
"29331","Forsikringens Datacenter A/S"
"29354","PCE-DE-DUS - PCE-NET GmbH, DE"
"29401","SUPERNETWORKSK-AS (SH.cz s.r.o.)"
"29447","SCALEWAY S.A.S."
"29452","Secura Hosting Ltd"
"29465","VCG-AS, NG"
"29522","CF-KRK Cyber_Folks S.A."
"29550","SIMPLYTRANSIT, GB"
"29616","Trabia SRL (KIVIX)"
"29636","CATALYST2-AS (Catalyst2 / team.blue)"
"29656","CCBILL-EU PHOENIX NAP, LLC."
"29691","NINE, CH"
"29713","Reliable Hosting Services"
"29724","Data102 (D102-ACULI-2)"
"29748","Carpathia Hosting, Inc."
"29791","Internap Holding LLC (VOXEL-DOT-NET)"
"29802","HVC-AS - HIVELOCITY VENTURES CORP, US"
"29812","US | ONEZERO - One Zero Hosting Inc."
"29838","AMC - Atlantic Metro Communications, US"
"29854","WESTHOST - WestHost, Inc., US"
"29869","HostRocket.com, Inc."
"29883","Internet Hosting Servers"
"29971","US | CTRL-ALT-DEST - CTRL ALT Destination, Inc."
"30058","FDCservers.net"
"30083","SERVER4YOU - server4you Inc., US"
"30137","US | SEA-BROADBAND - Sea Broadband, LLC"
"30152","Beyond Hosting, LLC"
"30176","AS-PRIORITYCOLO - Priority Colo Inc, CA"
"30186","US | ROSS - Ross Technology Inc., US"
"30226","Ntirety, Inc."
"30235","Twinservers Hosting Solutions Inc."
"30279","US | Virtuzo"
"30340","TierPoint, LLC"
"30475","WEHOSTWEBSITES-COM - Handy Networks, LLC, US"
"30479","KZ | OMNICO-COM - Omnico Hosting"
"30496","TierPoint, LLC"
"30506","Cloud Sync Inc"
"30633","LEASEWEB-USA-WDC-01 - Leaseweb USA, Inc., US"
"30693","SERVERHUB-PHOENIX - Eonix Corporation, US"
"30818","Advania Island ehf (IS-ADVANIA-TRANSIT)"
"30823","aurologic GmbH"
"30849","Research-and-production company Host Ltd"
"30900","WEBWORLD-AS t/a Web World Ireland, IE"
"30938","BD | ahbr company limited"
"30998","NAL-AS, NG"
"31025","GHOSTnet GmbH (IAG-AS)"
"31034","Aruba S.p.A."
"31103","KEYWEB-AS, DE"
"31116","MYBOX-AS - dhosting.pl Sp. z o.o."
"31142","GHOSTnet GmbH (KLEYREXFFM-AS)"
"31193","VIATELE-AS - 1 Cloud Lab s.r.o. (ex-Colocall)"
"31240","JSC Hosting Telesystems autonomous system"
"31251","NETGUARD-AS Falco Networks BV provides  Broadband, Voice, Data, Internet, NL"
"31270","GCI Network Solutions Limited (FMN)"
"31294","STIS Engineering LLC (LANTECH-AS)"
"31400","firstcolo GmbH (ACCELERATED-IT)"
"31472","VoiceHost Ltd"
"31530","GHOSTnet GmbH (DWL-NET)"
"31590","Rackhosting.com ApS"
"31631","Telcom Networks Limited (ELEVATE)"
"31659","Below Zero Hosting Ltd."
"31698","AS Number for WebHost.ie Ltd"
"31715","GB | CloudIP LLC"
"31797","US | Galaxyvisions Inc"
"31807","US | CLEARSURF BROADBAND"
"31863","DACEN-2 - Centrilogic, Inc., US"
"31898","Oracle Corporation"
"31981","BlueTower Hosting LLC"
"32087","DEDICATED-HOSTING-BIZ-INC - DEDICATED-HOSTING.BIZ INC"
"32097","WII-KC - WholeSale Internet, Inc., US"
"32105","Cloud Sync Inc"
"32177","US | XEEX-COMMUNICATIONS"
"32181","ASN-GIGENET - GigeNET, US"
"32241","ACPANA - HostPapa"
"32244","LIQUID-WEB-INC - Liquid Web, L.L.C, US"
"32275","Unified Webhosting, LLC"
"32306","Host NIT Inc"
"32311","US | JKS-ASN - JKS Media, LLC"
"32338","Hostiserver Ltd"
"32400","Hostway Services, Inc."
"32475","SINGLEHOP-LLC - SingleHop, Inc., US"
"32489","AMANAHA-NEW - Amanah Tech Inc., CA"
"32579","US | ETG-AS - eVolution Technology Group, LLC.,US"
"32613","IWEB-AS - iWeb Technologies Inc., CA"
"32647","Crucial Web Hosting, Ltd."
"32676","TierPoint, LLC"
"32714","ZA | Compute Corporate Technology Solutions"
"32740","Sliqua Enterprise Hosting, Inc."
"32780","HOSTINGSERVICES-INC - Hosting Services, Inc., US"
"32804","Leaseweb Canada Inc. (iWeb Technologies)"
"32875","VIRPUS - Wowrack.com"
"32881","SERVERNORTH - Server North"
"32911","DediPower Managed Hosting"
"32959","US | LITEUP - LiteUp, Inc., US"
"32986","US | KEYDEV - Key Developments, LLC,US"
"32987","US | AS080780 - Clnetworks Inc, US"
"33070","Rackspace"
"33083","AXCELX-NET - AxcelX Technologies LLC, US"
"33182","DIMENOC - HostDime.com, Inc., US"
"33251","Windstream Hosted Solutions, LLC"
"33260","Hostasaurus, Inc."
"33302","ONS-COS - Data 102, LLC, US"
"33322","Network Data Center Host, Inc."
"33330","CLOUDRADIUM-ASN - CloudRadium L.L.C, US"
"33333","PA | AWKNET-INC"
"33387","DATASHACK - DataShack, LC, US"
"33398","Miva Merchant, Inc. (HOSTA-LAS)"
"33438","HIGHWINDS2 - Highwinds Network Group, Inc., US"
"33475","US | RSN-1 - RockSolid Network, Inc."
"33480","WEBWERKSAS1 - Web Werks, US"
"33532","US | VOYAGETECHAS - Voyage Technologies, US"
"33552","Fluid Hosting LLC"
"33569","ALLHOSTSHOP.COM"
"33576","DIG001"
"33611","US | SBJ MEDIA LLC"
"33688","SE | SUMMITEIS-AS - SummitEIS"
"33693","TierPoint, LLC"
"33724","BIZNESSHOSTING - VOLICO, US"
"33785","CITYNET, EG"
"33891","CORE-BACKBONE, DE"
"33962","Citytelecom LLC (DataHouse-EKT)"
"33972","LLC MASTERHOST (MASTERHOST-AS)"
"33992","MASSRESPONSE-AS2 / Mass Response Service GmbH"
"33993","UFO Hosting LLC"
"34012","WorldStream B.V."
"34109","DE | AS34109 CB3ROB Ltd."
"34202","CLOUVIDER-THN2 Clouvider Limited"
"34224","Neterra Ltd (NETERRA-AS)"
"34282","UKNOC-AS (team.blue / Simply group)"
"34305","BASEIP, NL"
"34358","Cyber_Folks-RO-DC_FLO Cyber_Folks SRL"
"34360","OGICOM Cyber_Folks S.A."
"34432","Profihost AG"
"34535","RIGA (Standart AG, LLC)"
"34541","Online Solutions Hosting Services"
"34566","artnet Artnet Sp. z o.o."
"34570","DATALINE-34570-AS"
"34636","Asiatech Data Transmission company (Laser-AS)"
"34643","WPS-AS"
"34649","HOST365 LIMITED"
"34665","Petersburg Internet Network ltd (PINDC-AS)"
"34745","TeleWare Hosted Services Ltd."
"34766","Layer23 / atom86 BV"
"34787","LYAKH-AS - GREEN FLOID LLC"
"34800","SBAG Securebit AG"
"34899","GHOSTnet GmbH (NEWCOLO-AS / newcolo.de)"
"34920","Simply-Romford (team.blue / Simply group)"
"34940","GCI Network Solutions Limited (Vesk)"
"34959","PROCLOUD MSK"
"34971","PDDA-AS, CZ"
"34989","SERVETHEWORLD-AS, NO"
"34991","BG | WNS-AS, BG"
"35017","SWIFTWAY-AS Netherlands, GB"
"35219","VERIXI BELGIUM"
"35278","SPRINTHOST.RU LLC"
"35295","PeterHost.Ru Hosting Provider at SPb"
"35297","UA | Dataline LLC"
"35346","SC ITNS.NET SRL (EUROTELECOM)"
"35366","ISPPRO-AS EUserv / KOS-Online / Keepfree, DE"
"35375","BITNIFTY LTD (CONSENSUSONE)"
"35382","Glesys AB (GLESYS-FI-2)"
"35415","WEBZILLA, NL"
"35449","HWRO-AS (EASYHOST SRL / Hostway Romania)"
"35467","DataCenter Fryslan AS"
"35470","XL-AS, NL"
"35487","Misaka Network, Inc."
"35536","xTom GmbH"
"35537","xTom GmbH"
"35545","Clouvider-Anycast Clouvider Limited"
"35555","RU | CrexFexPex-SecureRussia"
"35569","PETERHOST-MOSCOW"
"35662","REDSTATION European Network, GB"
"35672","LOURO (HostRoyale Technologies Pvt Ltd)"
"35816","Lancom Ltd."
"35908","VPLSNET - Krypt Technologies, US"
"35913","Dedipath"
"35914","FireHost, Inc."
"35916","MULTA-ASN1 - MULTACOM CORPORATION, US"
"35974","Carpathia Hosting, Inc."
"36024","COLO4-CO - Colo4, LLC, US"
"36114","VERSAWEB-ASN - Versaweb, LLC, US"
"36236","Host Virtual, Inc"
"36263","US | FORONA - Forona Technologies, Inc., US"
"36284","TierPoint, LLC"
"36290","THECABLE-STKITTS-01 - The Cable of St. Kitts, KN"
"36327","VINAKOM - Vinakom Communications, US/VN"
"36351","SOFTLAYER - SoftLayer Technologies Inc., US"
"36352","AS-COLOCROSSING - ColoCrossing, US"
"36408","CDNetworks Inc."
"36536","Enterhost"
"36542","SERVERNET - Gwinnett County Government"
"36666","GTCOMM - GloboTech Communications, CA"
"36791","Portland Internet Hosting LLC"
"36873","VNL1-AS, NG"
"36887","DOPC-AS, NG"
"36920","KKON, NG"
"36970","interswitch, NG"
"37018","GALAXYBB-AS, NG"
"37088","VDT-AS, NG"
"37135","MZ | tropicalweb-as, MZ"
"37153","HETZNER, ZA"
"37170","UNILAG, NG"
"37209","HYPERIA, NG"
"37230","SWIFTTALK, NG"
"37248","PHASE3TEL, NG"
"37266","ZA | AMOBIA-ASN, ZA"
"37268","NG | E M West Africa, Lagos, Nigeria"
"37269","ICSL, NG"
"37280","BCL, NG"
"37308","COOLLINK, NG"
"37347","NGCOM, NG"
"37377","Futurecom, NG"
"37472","NIGCOMSAT, NG"
"37506","Zinox, NG"
"37518","SE | FIBERGRID"
"37521","Internet-Solutions-, NG"
"37540","WINROCK-, NG"
"37643","Ambion-AS, NG"
"37661","NRaE1-AS, NG"
"37692","NetStack-AS, ZA"
"37714","BITFLUX, NG"
"37775","ZA | DJIX-PEERING-AS, DJ"
"37962","SG | CNNIC-SGATHER-AP Beijing Sgather Telecom Engineering Co.Ltd.,CN"
"38001","NEWMEDIAEXPRESS-AS-AP NewMedia Express Pte Ltd, SG"
"38107","CDNetworks"
"38279","IOMNET-AS ISP/Hosting service Provider Manila"
"38466","U Mobile Sdn Bh"
"38478","SunnyVision Limited (SUNNYVISION-AS-AP)"
"38894","manageNET Pty Ltd hosting services"
"38913","RO | ENTER-NET-TEAM-AS Enter-Net Team SRL,RO"
"38946","SMARTMEDIANETWORK-1-AS"
"38973","Digital Space Group Limited (TWANG-AS)"
"39020","COMVIVE-AS Madrid - Spain, ES"
"39134","EDINAYA SET LIMITED LIABILITY COMPANY"
"39179","GCI Network Solutions Limited (NASSTAR-TRANSIT-AS)"
"39220","xTom GmbH"
"39239","PHOENIXNAP-ES PHOENIX NAP, LLC."
"39326","HSO-GROUP, GB"
"39351","ESAB-AS, SE"
"39392","SUPERNETWORK-AS Bilejova 407, CZ"
"39425","ELECTROSIM-AS"
"39451","Melbourne Server Hosting Ltd."
"39458","Real Hosts Limited"
"39486","HOSTROYALE (HostRoyale Technologies Pvt Ltd)"
"39494","RU-CENTER-AS"
"39519","WIIT AG (MYLOC-ENTERPRISE)"
"39523","RU | DV-LINK-AS"
"39536","LT | RSL-AS, DE"
"39561","REG.RU Ltd (AS-REGRU)"
"39572","ADVANCEDHOSTERS-AS, NL"
"39690","SC ITNS.NET SRL (HOSTING)"
"39704","CJ2 Hosting B.V."
"39751","M-IX CRELCOM LLC"
"39756","HOSTWAY ROMANIA SRL"
"39767","SARGASSO-AS (Sargasso Networks UK)"
"39798","MIVOCLOUD"
"39839","DK Hostmaster A/S"
"39921","DE-RACKSPACE - Rackspace Ltd."
"40092","ONIAAS - HostPapa"
"40156","THEOPT-HOU - The Optimal Link Corporation, US"
"40165","US | TeraMESH Networks/ LLC."
"40244","TURNKEY-INTERNET - Turnkey Internet Inc., US"
"40281","QWK.net Hosting, L.L.C."
"40374","High Density Hosting, Inc."
"40438","Canhost Inc."
"40446","CN | -Reserved AS-, ZZ"
"40529","US | CORBIXNETWORKS - Moxie Communications, Inc., CA"
"40539","Hosting Consulting, Inc"
"40561","MANAGEDCOM-US1 - HostPapa"
"40665","US | SPCTR - SPECTRE NETWORKS LTD, US"
"40676","AS40676 - Psychz Networks, US"
"40699","Leaseweb Canada Inc. (iWeb Technologies)"
"40715","DataCenter.BZ, LLC"
"40728","GearHost, Inc."
"40775","US | WIRELESSASPAS1 - Wirelessasperations, LLC,US"
"40819","VPS Datacenter, LLC"
"40824","WZCOM-US - WZ Communications Inc., US"
"40861","PARAD-40-ASN - Paradise Networks LLC, US"
"40963","PRAID-AS"
"40979","Anexia Cloud Solutions GmbH (ANEXIA-FIREWALL-AS)"
"40980","Anexia Cloud Solutions GmbH (TELEMATICA)"
"41008","CEGEKA-GELEEN / Cegeka NV"
"41011","RO | Ch-net S.r.l."
"41031","i3D.net B.V. (i3Dnet-2)"
"41062","ProstoHosting LTD"
"41079","SuperHost.pl sp. z o.o."
"41111","FAST GEO HOSTING S.R.L."
"41171","SC ITNS.NET SRL (NETWORKS_RENT)"
"41331","UA | MODA-UA-AS Privately Owned Enterprise _M.O.D.A._,UA"
"41355","CATALYST2-RDG (Catalyst2 Reading / team.blue)"
"41369","DataCenter Finland Oy"
"41390","RU | RN-DATA-, LV"
"41393","GCI Network Solutions Limited (NASSTAR-AS)"
"41412","WIIT AG (MIVITEC-AS)"
"41427","DataCenter d.o.o."
"41467","Boychenko-AS DOMINET LLC"
"41500","IR | LLC RUNET"
"41562","Host4all Sarl"
"41564","AS41564, GB"
"41609","AID-AS-removing (Standart AG, LLC)"
"41653","AQUARAY, FR"
"41665","HOSTING-AS http://hosting.ua, UA"
"41683","Earth Telekomunikasyon"
"41689","Asiatech Data Transmission company (EDGE-NETWORK)"
"41745","Baykov Ilya Sergeevich"
"41767","xTom GmbH"
"42093","InterRacks B.V."
"42106","abelohost1"
"42120","MODIT Datacenter Informatikai es Szolgaltato KFT"
"42152","UA | TALLIANCE , UA"
"42158","WorldStream B.V."
"42160","LCPDCO LCP AS dc oostkamp, BE"
"42210","Host Virtual, Inc"
"42229","PT | EBT-AS, PT"
"42244","Hosting Operator eServer.ru Ltd."
"42263","WIIT AG (WIITCloudEdge)"
"42311","PGHOSTING-DRESDEN-BACKBONE"
"42331","FREEHOST, UA"
"42354","Anexia Cloud Solutions GmbH (ANX-CUSTOMER)"
"42360","Anexia Cloud Solutions GmbH (SSP-EUROPE)"
"42388","Anexia Cloud Solutions GmbH (ANX-CLOUDDNS)"
"42399","Hosting Center LLC"
"42400","Multihost IT AS"
"42418","Hostnordic A/S"
"42442","Adacor Hosting GmbH"
"42457","ES | JOHNBART SOFTWARE & MUSIC S.L"
"42462","ES | Moneyback, S.L."
"42465","Websense Hosted Security - Anycast network"
"42473","ANEXIA-AS A-9020 Klagenfurt, AT"
"42532","SIA VEESP (VEESP-LV-AS)"
"42602","UA | KING-TRANS-AS, UA"
"42612","ASN de Dinahosting SL"
"42622","Teknik i Media Datacenter Stockholm AB"
"42635","CARDOCK HOSTING LIMITED (AS-RCKR)"
"42694","MD | UPLINK, MD"
"42695","CNHAB, SE"
"42699","AS managedhosting.de GmbH"
"42705","Talia provides VSAT network and hosting services worldwide."
"42708","PORTLANE www.portlane.com, SE"
"42730","EVANZOAS, DE"
"42751","PETERHOST-MOSCOW-DC2"
"42776","Hostel Ltd."
"42831","UKSERVERS-AS UK Dedicated Servers, Hosting and Co-Location,"
"42861","RU | Foton Telecom CJSC"
"42881","Contrust Solutions S.R.L. (Kontrast)"
"42902","GLOBECONNECT Clouvider Limited"
"43021","Certit Hosting Handelsbolag"
"43043","CZ | AUTO-1OPSY OPSYLON LLC.,CZ"
"43094","SC ITNS.NET SRL (GIGANET)"
"43146","Agava ltd, RU"
"43147","UA | GALAXY, BG"
"43198","Outsourcery Hosting LTD"
"43220","team.blue Denmark A/S (team-blue-norway)"
"43289","TRABIA trabia network, MD"
"43317","FISHNET-AS, RU"
"43350","NFORCE, NL"
"43357","Owl Limited (Mullvad)"
"43472","HostingMax Ltd"
"43489","ANYCAST-AS"
"43513","Sia Nano IT (Mullvad)"
"43541","VSHosting s.r.o."
"43554","UA | Cifrovye Dispetcherskie Sistemy"
"43620","Syan Limited Hosting"
"43659","DE | Cloud Computing Ltd."
"43689","Patron Technology Persia Ltd (FCA)"
"43754","Asiatech Data Transmission company"
"43758","CF-KRK-DOM Cyber_Folks S.A."
"43878","EUROPE-CONNECTED Clouvider Limited"
"43945"," | Netstyle A. Ltd"
"43948","Glesys AB (GleSYS-AS)"
"43959","xTom GmbH (XTOM-TOKYO)"
"43992","xTom GmbH"
"43998","Cifrovye Dispetcherskie Sistemy LLC (TRINITY-KYIV)"
"44009","SLEEK-ASN - Rackspace Ltd."
"44043","Cyber_Folks-RO-DC_CLJ Cyber_Folks SRL"
"44050","PIN-AS, RU"
"44066","DE-FIRSTCOLO www.first-colo.net, DE"
"44068","Petersburg Internet Network ltd (ARBITAL-AS)"
"44144","OMEGASOFT (HostRoyale Technologies Pvt Ltd)"
"44204","GB | FX-MEDIA-AS , RO"
"44227","JUSTNET-AS -- Carrier Service --, CH"
"44253","WorldStream B.V."
"44393","SBRC Securebit AG"
"44398","TDC Hosting"
"44414","RO | SC Holland Toner SRL"
"44477","PQ HOSTING PLUS"
"44515","Advania Island ehf (IS-ADVANIA)"
"44520","RO | Multihands SRL"
"44556","DDOS-GUARD LTD (IQ-NET)"
"44559","UA | ERENT-AS E-Rent LLC"
"44571","NETVILLAGE-AS / Melbikomas UAB"
"44589","SC ITNS.NET SRL (Hosting)"
"44679","INVITE Systems SRL (BinBox Global Services)"
"44684","MYTHIC Mythic Beasts Ltd"
"44685","US | Patron Technology Persia Ltd"
"44750","UA | ATOMOHOST-AS ATOMOHOST-DC1"
"44780","EVERSCALE-AS"
"44812","IP SERVER LLC"
"44814","BG | Bulgartel EAD"
"44828","Neterra Ltd (Neterra_Enterprise_Internet_Access)"
"44853","MD | TELEHOST"
"44901","BelCloud Hosting Corporation"
"45012","CLOUDPIT"
"45017","UA | LIR UKRAINE LLC"
"45028","BAREFRUIT-AS (team.blue / Simply group)"
"45031","PROVIDERBOX"
"45052","RO | JONY-GLOBAL-GSM-SRL-AS Str. Tatulesti 5, RO"
"45102","CNNIC-ALIBABA-CN-NET-AP Alibaba (China) Technology Co., Ltd."
"45152","Zone Networks Pty Ltd, Managed Hosting Solutions"
"45179","SiteHost New Zealand"
"45187","RACKSPACE-AP Rackspace IT Hosting AS IT Hosting Provider Hon"
"45201","BlueCentral Pty Ltd Hosting Solutions."
"45470","SG-8-TO-SG 8 to Infinity Pte Ltd, SG"
"45481","Digital Sense Data Centre Hosting Brisbane"
"45486","HostCorp Internet"
"45569","US | XEEX-AS-AP Xeex Communication,IN"
"45577","Interhost Pacific Pty Ltd t/a Intervolve."
"45650","Vianet Communications Pvt. Ltd."
"45671","AS45671-NET-AU Wholesale Services Provider, AU"
"45693","INDIAGAMES TRANSIT AS Content hosting serivce India"
"45815","HOSTCOIN-AS-IN-AP ESDS Software Solution Pvt. Ltd., IN"
"45887","GPLHost LLC"
"46177","SimpleCDN Technologies, Inc."
"46260","MEDHOST, Inc."
"46261","QUICKPACKET - QuickPacket, LLC, US"
"46284","GB | FHCC-NETWORK - IFREEDOM DIRECT CORPORATION"
"46370","US | GRANDWEB - Grand Web Solutions, Inc., US"
"46430","ASN-VICTON - VICTON, Inc., CA"
"46433","EBOUNDHOST.com"
"46475","LIMESTONENETWORKS - Limestone Networks, Inc., US"
"46499","AirRabbit, LLC (JEIX-US)"
"46562","TOTAL-SERVER-SOLUTIONS - Total Server Solutions L.L.C., US"
"46573","Global Frag Networks"
"46640","US | US Broadband LLC"
"46664","VOLUMEDRIVE - VolumeDrive, US"
"46717","Cloud Sync Inc"
"46723"," | RESNET"
"46805","CACHED - CachedNet LLC, US"
"46816","DSNETWORKS-001 - DirectSpace Networks, LLC., US"
"46844","ST-BGP - Sharktech, US"
"46873","Host Color"
"46879","US | WEBZE-1-AS - Webzero Inc.,US"
"46931","US | COUGARCOMM - Cougar Communications,US"
"46945","Elite Hosts, Inc."
"46949","Data102 (D102-PHL-2)"
"47080","Internap Holding LLC (SINGLEHOP-LLC-2)"
"47142","UA | STEEPHOST-AS"
"47143","Todayhost Limited"
"47147","Anexia Cloud Solutions GmbH (AS-ANX)"
"47161","KosmoHost IT Technologies LTD"
"47172","Mart Jaco van Santen trading as Greenhost VOF"
"47205","UAB HOSTEX"
"47215","FILOO-ASN"
"47264","iomart (LDEX), GB"
"47285","Patron Technology Persia Ltd (PTP)"
"47292","Sentia Danmark A/S (SENTIA)"
"47328","TRI-AS, ES"
"47383","B88 Cyber_Folks S.A."
"47385","Hosting center Ltd."
"47391","SYNWW (SYN)"
"47422","SB Securebit AG"
"47447","TTM, DE"
"47500","MD | I-INVEST, MD"
"47501","eTarg Media ApS (ETARG-AS)"
"47543","ATOM86-AS / atom86 BV"
"47549","Hosting Systems Ltd"
"47553","MISAKA-BYOIP"
"47577","Righthosting Ltd"
"47583","Hostinger International Limited"
"47588","TELENETRONICS-AS, RS"
"47595","ZAO-RU-NIC-AS"
"47598","UA | KHTEL-AS, UA"
"47602","RS | PROFISOL-AS, RO"
"47625","Paul David Hughes trading as Hosting Systems"
"47632","WorldStream B.V. (Continuity_Solutions)"
"47823","NHL-AS2 Netwise Hosting Ltd"
"47860","UA | ALBINO-UA-AS LLC _Albino_"
"47869","NETROUTING-AS, NL"
"47893","UA | SHOPINBOX2, UA"
"47920","UA | COMREC, UA"
"47926","LIRUKRAINE"
"47967","RO | Sc Neoland Srl"
"47995","RU | Apple Technologies LLC"
"48028","US | HAXXR-GAMES, GB"
"48029","ParsDade-Network"
"48030","BG | CRYPT-LOGIC, BG"
"48031","PE Ivanov Vitaliy Sergeevich - xserver.ua"
"48039","GHOSTnet GmbH (KGT-AS)"
"48066","RU | MOBILESTROYPROEKTAS, RU"
"48080","ORG-DP125-RIPE"
"48093","Webland Hosting AB"
"48158","DigitalOne AG (DIGITALONE-AS)"
"48262","PT | TELENEUT-AS, GB"
"48266","RO | SC Epogen Media SRL"
"48277","RO | SOREX SOREX MEDIA S.R.L.,RO"
"48287","RU-CENTER"
"48386","MISAKA-ES"
"48446","Hostersi Sp. z o.o."
"48466","1Access Sweden AB (XITE-AS)"
"48538","gorev GEOCOM LLC"
"48645","SOLVINITY-NL-2 (Solvinity B.V.)"
"48729","HOSTKEY B.V. (HOSTKEY-FI-AS)"
"48760","OGICOM Cyber_Folks S.A."
"48795","IP6 Securebit AG"
"48812","DataCenter Noord BV"
"48825","Fast2host Ltd"
"48835","GHOSTnet GmbH (FERONET-AS)"
"48854","team.blue Denmark A/S (team-blue-denmark)"
"48870","Telenet SIA (KDC-AS)"
"48882","UA | OPTIMA-SHID-AS, UA"
"48896","dhosting.pl Sp. z o.o."
"48901","DSNET Ltd (DSNET-CSP)"
"48974","MD | I-INVEST, MD"
"49006","MD | SISTEME, MD"
"49022","Patron Technology Persia Ltd (PM)"
"49074","RO | Sc Technological Srl"
"49173","RO | Holland Toner Ltd."
"49201","BITNIFTY LTD (HOWICK)"
"49263","YourBroadband_UK 4on LTD"
"49282","Glesys AB (FICOLO)"
"49287","SWIFTYCDN-AS / Melbikomas UAB"
"49302","RO | ACTIVENET-AS Str. Rusu Sirianu nr 8, RO"
"49313","Seva-Host Ltd"
"49349","DOTSI, PT"
"49352","REG.RU Ltd (LOGOL-AS)"
"49367","Seflow S.N.C. Di Marco Brame' &amp; C."
"49373","Foton Telecom CJSC (centurilink-AS)"
"49399","ESAB-2-AS 31173 Services AB"
"49417","eTarg Media ApS (DK-ETARG-AS)"
"49443","MD | Sisteme Avansate SRL"
"49447","NL | Nice IT Services Group Inc."
"49453","GLOBALLAYER, NL"
"49485","High Availability Hosting Limited"
"49493","Gigas Hosting S.A. (GIGAS-TELCO)"
"49505","OOO Network of data-centers Selectel"
"49532","SERVERHUB-, DE"
"49544","I3DNET, NL"
"49549","JEKABPILS (Standart AG, LLC)"
"49581","FERDINANDZINK, DE"
"49597","CN | ENDAV-AS , BG"
"49612","DDOS-GUARD LTD (COGNITIVE-CLOUD-NET)"
"49643","RO | Holland Toner Kft"
"49682","RO | REAL STYLE ALFA SRL"
"49693","Best-Hoster Group Co. Ltd"
"49699","ICN-BG (SuperHosting.BG)"
"49788","Nexthop AS (NEXTHOP)"
"49815","Host2 Ltd"
"49818","BG | ROYAL , RO"
"49834","Best Hosting Company Ltd"
"49949","24 Solutions Hosting Services AB"
"49964","VERIXI - VERIXI SA, BE"
"49981","WORLDSTREAM, NL"
"49999","Hydra Communications Ltd (BANDWIDTHTECH-AS)"
"50021","Sentia Danmark A/S (PHD-ApS)"
"50053","Individual Entrepreneur Anton Levin"
"50069","MISAKA-ANYCAST"
"50077","SYN-NL (SYN)"
"50098","AS-CLOUVO / Melbikomas UAB"
"50149","JSC Selectel (Servercore)"
"50168","Glesys AB (BOGALNET)"
"50214","QWARTA LLC (Aeza/AS-QWARTA)"
"50297","INFIUM, UA"
"50340","SELECTEL-MSK"
"50389","PHOENIXNAP-DE PHOENIX NAP, LLC."
"50437","TECHNOLOGICAL - SC TECHNOLOGICAL SRL"
"50461","IQ | ALMADINAH-AS , IQ"
"50465","IQHost Ltd"
"50516","Maxiplace Ltd (Aeza/AS-QWARTA)"
"50525","Privado Networks AG"
"50608","Ventelo Hosting AS"
"50613","THORDC-AS, IS"
"50630","TJ | NOMINEK-MNT, TJ"
"50650","Internet Vikings International AB (ASHYPERHOSTING)"
"50655","Its Hosted"
"50673","SERVERIUS-AS"
"50678","Internet Vikings International AB"
"50711","SYN-ANY (SYN)"
"50841","Artnet_POMIX Artnet Sp. z o.o."
"50867","HOSTKEY B.V. (ORG-LVA15-AS)"
"50872","LOCALHOST D.O.O."
"50915","S.C. Everhost S.R.L."
"50926","Infortelecom Hosting, S.L."
"50968","Hostmaster, Ltd."
"50979","ITL LLC"
"50986","Excellent Hosting Sweden AB"
"51025","VSHosting s.r.o. (CONNECT-TST-AS)"
"51045","DEMENIN-AS"
"51050","H4Hosting B.V."
"51091","ATOM86 / atom86 BV"
"51092","RU | OREOL LLC"
"51109","CAMELHOST SIA"
"51159","THINKSYSTEMSUK-ASN, GB"
"51167","CONTABO to AS1299 announce AS34933, DE"
"51191","XIRRA, DE"
"51200","LLC Digital Dialogue-Nets (DIDI-AS)"
"51211","OpenNet CRELCOM LLC"
"51226","IPTECH-AS"
"51241","Iran Post Company-Tehran DataCenter"
"51243","SHOPINVEST-ASN Octopuce s.a.r.l."
"51247","Serverio technologijos MB"
"51248","Host-Telecom.com s.r.o."
"51265","Mass Response Service GmbH"
"51278","IGNUM-ANYCAST-AS Webglobe, s.r.o."
"51287","BITNIFTY LTD (CONSENSUSONE-NOC-AS)"
"51290","HOSTEAM S.C. TOMASZ GROSZEWSKI BARTOSZ WASZAK LUKASZ GROSZEWSKI"
"51294","HUBARA hosting solutions S.L."
"51332","M247-Enterprise / M247 Europe SRL"
"51395","AS-SOFTPLUS, CH"
"51430","ALTUSHOST-NET, NL"
"51433","Asiatech Data Transmission company (ASIATECH-DC-CUSTOMER)"
"51445","RO | DUMICONET Dumcon Intermed SRL"
"51447"," "
"51453","Anexia Cloud Solutions GmbH (EMERION-AS)"
"51474","TECHNOLOGICAL - SC TECHNOLOGICAL SRL"
"51490","GB | Proper Support LLP"
"51698","Activehost RU Ltd."
"51731","GTT-AS, CZ"
"51747","Internet Vikings International AB (INTERNETBOLAGET)"
"51765","ASEUHOST, FI"
"51789","TimewebCloud / JSC TIMEWEB"
"51842","RO | DSCNET DSC.NET SRL"
"51852","PLI-AS, CH"
"51862","IONOS-AS / IONOS SE"
"51901","Digital Space Group Limited (KECONNECT)"
"51905","CWCS-VM - Compuweb Communications Services Limited (CWCS)"
"51913","Internet Vikings International AB"
"51916","GARANTSERVICE"
"51961","CA | XNS Technology Group Inc."
"51983","RO | PROEVOLUTION PROEVOLUTION SRL,RO"
"52000","MIRHOSTING"
"52011","Cleura AB (Cleura-MiddleEast)"
"52048","DATACLUB, LV"
"52161","noordix-as"
"52167","Hydra Communications Ltd (BANDWIDTH-USA)"
"52173","MAKONIX, LV"
"52219","ROUTERNETWORKS, US"
"52236","G2KHosting S.A."
"52270","X-Host SRL"
"52284","Panamaserver.com"
"52302","PA | Awknet International, S.A."
"52321","Fideicomiso de Administraci&#243;n Datacenter Capitalinas"
"52335","Colombia Hosting"
"52347","HOSTCLICK, de DUCA GRACIELA MIRTA"
"52393","US | Corporacion Dana S.A."
"52449","BZ | My Tech"
"52465","WNet Internet y Hosting"
"52485","HN | networksdelmanana.com, HN"
"52499","BZ | MegaLink, BO"
"52523","BR | COMPANHIA PAULISTA DE FORCA E LUZ, BR"
"52674","DATACENTER LTDA"
"52733","BR | Volcano Com. e Serv. Imp. Exp. LTDA, BR"
"52925","Ascenty DataCenters Locacao e Servicos LTDA"
"53013","WIX NET DO BRASIL LTDA, BR"
"53055","HostDime.com.br Data Center"
"53057","RedeHost Internet Ltda."
"53101","Datacenter e Provedores Ltda-ME"
"53221","INTERNET DATACENTER"
"53225","DATACENTER"
"53281","Clearpath Hosting"
"53318","US | CRITICAL-DATA-NETWORK-SDAS - Critical Data Network, Inc."
"53332","C2Hosting, LLC"
"53340","FIBERHUB - VegasNAP, LLC, US"
"53342","All Nine Hosting, Inc."
"53346","US | ONE-WORLD-TELECOM - One World Telecom, US"
"53356","Free Range Cloud Hosting Inc. (Windscribe)"
"53369","US | EXTREMELINKCORP - extreme link Corporation, US"
"53370","dotCOM host"
"53440","US | NETWD - Netwide Corporation,US"
"53559","ANONYMIZER - Anonymizer Inc., US"
"53589","PlanetHoster"
"53597","HOYOS-CONSULTING-LLC - Hoyos Consulting LLC, US"
"53611","US | EARTHMETA MULTIMEDIA STUDIOS"
"53648","US | PWRHSE - The PowerHouse Network, US"
"53667","PONYNET - FranTech Solutions, US"
"53723","US | FAST2500 - Fast Lane Communications LLC, US"
"53755","IOFLOOD - Input Output Flood LLC, US"
"53812","US | Sparrowise Technology LLC"
"53850","GORILLASERVERS - GorillaServers, Inc., US"
"53889","MICFO - Micfo, LLC., US"
"53914","Genesis Hosting Solutions, LLC"
"53918","Host Hotels and Resorts, L.P."
"54008","PBX-ATLANTA - PBXIO LLC"
"54014","US | VUNITY-INC - vUnity, Inc,US"
"54046","QUICKWEB-USA-NET - QuickWeb Technologies LLC, US"
"54104","AS-NETDNA - netDNA, US"
"54203","RBLHST-FL - Strong Technology, LLC., US"
"54253","Oracle Corporation"
"54290","Hostwinds LLC."
"54334","Roya Hosting LLC"
"54455","MADEIT - MadeIT inc., US"
"54489","CORESPACE-DAL - CoreSpace, Inc., US"
"54500","18779 - EGIHosting, US"
"54527","Astute Hosting Inc."
"54540","INCERO - Incero LLC, US"
"54555","Host Duplex, LLC"
"54561","SECUREDRAGON - Secure Dragon LLC., US"
"54641","InMotion Hosting, Inc."
"54817","ALDEN HOSTING LLC"
"54825","Packet Host, Inc."
"54839","Lowest Host/Empire Technology LLC"
"54997","US | ACQUINITY - Acquinity Interactive, LLC,US"
"55051","EBOUNDHOST.com"
"55081","24 Shells"
"55150","US | DST-01 - DST Resources,US"
"55225","ILIKA - velia.net (USA) Inc., US"
"55229","White Sands Hosting"
"55286","SERVER-MANIA - B2 Net Solutions Inc., CA"
"55293","A2 Hosting, Inc."
"55536","PSWITCH-HK PACSWITCH IP NETWORK, HK"
"55720","Gigabit Hosting Sdn Bhd"
"55761","Colocation Hosting Sdn Bhd"
"55799","Hostemo Technology Sdn Bhd"
"55933","CLOUDIE-AS-AP Cloudie Limited, HK"
"55967","CNNIC-BAIDU-AP Beijing Baidu Netcom Science and Technology C"
"56106","DEDICATEDGAMING.COM.AU - Hosting Provider AUSTRALIA"
"56110","HostRightNow Technologies India Pvt Ltd"
"56291","JP | ACE-AS-AP Ace, Inc., JP"
"56322","SERVERASTRA-AS, HU"
"56540","BITNIFTY LTD (CONSENSUSONE-AS)"
"56611","NL | REBACOM-AS, NL"
"56617","SIA VPS Hosting"
"56630","MELBICOM-EU-AS, NL"
"56655","Gigahost AS"
"56726","fouron 4on LTD"
"56732","Hostinet AS"
"56755","SBIX Securebit AG"
"56784","Limited liability company MultiHOST MSK"
"56799","Jordens Datacenter NV"
"56802","DpkgSoft International Limited"
"56803","AS-DATASOURCE / Datasource AG"
"56831","RO | INEVO Inevo Labs SRL"
"56887","TECHNOLOGICAL - SC TECHNOLOGICAL SRL"
"56934","SOLOGIGABIT-AS, ES"
"56940","TECHNOLOGICAL - SC TECHNOLOGICAL SRL"
"56950","SBAG Securebit AG"
"57014","metroswitch 4on LTD"
"57043","HOSTKEY-AS, NL"
"57054","SE | BGPM Consulting AB"
"57059","UA | UKRADSLAS ChP Timchenko Evgeniy Nikolaevich,UA"
"57088","i3D.net B.V. (GREENCLOUDS)"
"57129","RU | RU-SERVERSGET-KRSK"
"57166","UA | UA-D2INVESTUKRAINE-AS , UA"
"57169","EDIS-AS-EU, AT"
"57170","Global Layer B.V."
"57172","GLOBALLAYER, NL"
"57189","RU | UNIFIRM LLC"
"57230","ARIAWEBCO-AS, GB"
"57286","Gigas Hosting S.A."
"57345","ADM-HOST di Ratti Alessandro"
"57347","eTarg Media ApS (DK-ETARG-ASN)"
"57363","CDNvideo LLC"
"57391","Asiatech Data Transmission company (Laser-IDC)"
"57433","DE | INTERCOLO-AS intercolo IP-Backbone"
"57539","eServer s.r.o. (MEGASERVER-AS)"
"57578","MISAKA-CIS-AS"
"57669","DediPower Managed Hosting Limited"
"57674","Neterra Ltd (NETERRAIP-ASN)"
"57682","TOV HOST VDS"
"57695","MISAKA"
"57717","NL | FiberXpress BV"
"57724","RU | Ddos-guard Ltd"
"57739","dogado-ams"
"57751","KR | DRK-ALLIANCE-AS DRK-Alliance Ltd.,RU"
"57752","NORMHOST SARL"
"57756","RU | POLY-NET-AS PE Gaftkovich Irina Valer_evna"
"57773","HOSTINGBIT SRL"
"57775","Gigahost AS (FSIX-AS)"
"57819","eTarg Media ApS (ASSISTEMA)"
"57841","Telenet SIA (KATI-AS)"
"57858","AS57858, EE"
"57872","PHOENIXNAP-EU PHOENIX NAP, LLC."
"57879","sfip84 Hosting und mehr UG haftungsbeschraenkt"
"57880","GB | PROPER-SUPPORT-LLP, GB"
"57927","Digital Space Group Limited (UK-KECONNECT)"
"57935","Nrp Teknoloji Limited Sirketi (NRP-TEKNOLOJi)"
"57969","xTom GmbH"
"57972","EE | JINGYUN, EE"
"57995","IT4BUSINESS-AS LLC 'ATOM3'"
"57997","Nexthop AS (NEXTHOP)"
"58014","RU | MDS-AS MDS ltd.,RU"
"58018","IL | Netstyle A. Ltd"
"58057","SECUREBIT Securebit AG"
"58065","Orion Network Limited (CyberGhost)"
"58073","YISP-AS, NL"
"58099","HK | MIKIMA-AS Mikma Ltd.,UA"
"58113","LIR DATACENTER TELECOM SRL"
"58140","BITNIFTY LTD (NETUITY_NOC_EMEA)"
"58146","Litix UAB Delska Lithuania"
"58212","dataforest GmbH"
"58222","RU | SOLAR-AS, GB"
"58296","Cyberheat.io, LLC (CyberHeat)"
"58305","SYN, GB"
"58313","RU | RU-LINKTELECOM-ASN CJSC Link Telecom,RU"
"58325","Hydra Communications Ltd (BANDWIDTH-ASIA)"
"58342","MISAKA-IT-AS"
"58366","BG | BGONLINE Bulgaria On Line,BG"
"58667","SmartNet Hosting and connectivity"
"58797","Carpathia Hosting"
"58827","CN | Jilin Gosun Technology Co. Ltd"
"58922","Microchannel Hosting Pty Ltd"
"58936","Managed Hosted Applications Limited"
"58964","IN | IGIGLE HOST"
"59135","PT Dapur Hosting"
"59253","LSW-SG Leaseweb Asia Pacific pte. ltd., SG"
"59344","JP | SHENZHEN-WETRANS Shenzhen-WETRANS,HK"
"59349","GMO-Z-COM GMO-Z.COM PTE. LTD., SG"
"59384","NL | CHINANET-LIAONING-SHENYANG-MAN CHINANET Liaoning province network,CN"
"59405","BG-SUPERHOSTING-AS (SuperHosting.BG)"
"59432","GINERNET, ES"
"59441","Hostiran Network"
"59447","ISTANBULDC2 GEOCOM LLC"
"59469","Sentia Danmark A/S (SOLIDO-NETWORKS)"
"59504","CYBERTECH-AS, RU"
"59554","Datacenter Groningen B.V."
"59592","intercolo GmbH (BACKBONE-AS)"
"59615","CLOUD HOSTING LLC"
"59629","Cyber_Folks-RO-Multi_DC Cyber_Folks SRL"
"59632","SC Pidgin Host SRL"
"59642","CHERRYSERVERS2-AS - UAB Cherry Servers"
"59677","LLC Kras-Host"
"59705","POBOX Hosting Limited"
"59711","HZ Hosting Ltd"
"59729","ITL-, BG"
"59749","UA | CLEANMAT, BG"
"59764","ATLANTIC-NET, GB"
"59791","Linqhost B.V."
"59795","SecurityLayer Hosting Solutions SRL"
"59816","SAFE HOSTS INTERNET LLP"
"59841","SC ITNS.NET SRL (PUBLIC-DNS-ASN)"
"59854","Top Level Hosting SRL"
"60011","BHOST, GB"
"60031","HostingMax LTD (GFL-UA)"
"60057","KUBERNETES (Standart AG, LLC)"
"60068","CDN77, GB"
"60084","JSC Selectel (SERVERCORE-DEV)"
"60117","Host Sailor Ltd."
"60118","ALISTAR-AS, RO"
"60130","Nexthop AS (ZETTAIO)"
"60166","eTarg Media ApS (BGBILOTIL-AS)"
"60172","YARNET LLC"
"60211","firstcolo GmbH (NL-FIRSTCOLO)"
"60230","Neterra Ltd (Neterra)"
"60318","BG | VENDETA4-AS 4 Vendeta Ltd.,BG"
"60371","MT | HPSDEDICATED Int Gambling Ltd"
"60374","Jahesh-Server (Ariawebco sibling, IR hosting)"
"60394","US | MINOTAVAR-AS Minotavar Computers EOOD,BG"
"60404","LITESERVER, NL"
"60461","intercolo GmbH (INTERCOLO-SECURITY)"
"60474","ASN Securebit AG"
"60476","MRG Hosting B.V."
"60485","AS-60485, EE"
"60505","TELENET-SLJUDJANKA-AS, RU"
"60539","RO | Newton Advertising S.R.L."
"60558","SECUREDSERVERS-, EU"
"60567","DATACLUB-, SE"
"60581","SC ITNS.NET SRL (REBDACONS-AS)"
"60648","GCI Network Solutions Limited (EKNNET)"
"60649","TIG The Infrastructure Group B.V."
"60695","DE | ASN-NETRONIK Netronik Sp. z o.o.,PL"
"60717","Nexthop AS (BAYONETTE)"
"60739","Server Centre Hosting Ltd"
"60778","Patron Technology Persia Ltd (PSM)"
"60781","LEASEWEB-NL Netherlands, NL"
"60800","Netwise Hosting Ltd."
"60887","RU | ZEXOCHIP Current Technologies LLC trading as Zexochip Hosting"
"60937","RU | BUSINESSTORG-AS BusinessTorg ltd.,RU"
"60974","BG | NAICOMS Naicoms EOOD,BG"
"61046","HZ-UK-AS HZ Hosting Ltd"
"61102","INTERHOST, IL"
"61107","UNIVERSAL CDN (CYPRUS) LTD"
"61147","CallHosted B.V."
"61157","PLUSSERVER-ASN1, DE"
"61178","CYMRG-AS2 Digital Transformation Plus LLC"
"61219","Solarix Consulting LTD (ASSol)"
"61227","Nexthop AS (NEXTHOP-ANYCAST)"
"61280","By Hosting B.V."
"61317","ASDETUK http://www.host1plus.com, GB"
"61341","GCI Network Solutions Limited (NASSTAR-MPLS-AS)"
"61412","BunkerInfra Datacenters BV"
"61422","RU | TD-VITA-NET TD-VITA LLC."
"61424","eServer s.r.o. (ESERVER-SK-AS)"
"61427","SARGASSO-DC-AS (Sargasso Networks)"
"61440","Digital Energy Technologies Chile SpA, CL"
"61976","JSC Selectel (SELECTEL-NSK)"
"61980","STIS Engineering LLC (CINEPOST)"
"62026","SkyparkCDN Ltd."
"62049","Penta Corporate Hosting Ltd"
"62052","BG | asnicom Eood"
"62058","PE | NANODAT _NANODAT_ EOOD,BG"
"62068","NL | SpectraIP B.V."
"62071","Datahost SRL"
"62079","ES | Ibernap Management S.L."
"62080","BG | Kaney Ltd."
"62082","Hostland LTD"
"62088","Sinarohost LTD"
"62093","AU | SMK-AS SMK Energy Plc.,BG"
"62115","CZ | ASOMNICAP Omni Cap Distribution s.r.o.,CZ"
"62131","Glesys AB (EGON-NET)"
"62209","eTarg Media ApS (EKOINICIATIVE-AS)"
"62214","RACKFOREST-AS"
"62217","VOOSERVERS, GB"
"62228","CN | DMAR-AS Decision Marketing LTD,BG"
"62240","CLOUVIDER London, United Kingdom, GB"
"62266","IR | NSGASN Networking Solutions Group,NL"
"62275","NHM (LIR DATACENTER TELECOM SRL)"
"62282","RACKRAY UAB Rakrejus, LT"
"62294","CN | CASTCABLE CastCable Limited,HK"
"62310","managedhosting.de GmbH"
"62353","Eurofiber Cloud Infra B.V. (ASN-DATAPLACE)"
"62355","CH | Network Dedicated SAS"
"62370","SNEL, NL"
"62395","Internet Vikings International AB (elnic)"
"62453","Telenet SIA (BAGEMLV-AS)"
"62454","intercolo GmbH (LILLYCDN)"
"62468","VPSQUAN - VpsQuan L.L.C."
"62471","SWITCHDATASOLUTIONS-AS - SupremeBytes, LLC, US"
"62485","US | M-GO"
"62519","US | CERTIFIEDHOST-ASN - Certified Host"
"62540","DRAKE-AS - Drake Holdings LLC, US"
"62563","GLOBALTELEHOST Corp."
"62567","DIGITALOCEAN-ASN-NY2 - Digital Ocean, Inc., US"
"62601","US | Saturn Services LLC"
"62605","Brain Host, LLC"
"62651","Reliablehosting.com"
"62703","US | CONNECTIONET - Connectionet Solutions, US"
"62728","VGPE-ASN1 - VELOCITY, A MANAGED SERVICES COMPANY, US"
"62741","VG | AS-IPL - IP Systems Limited, VG"
"62756","HostRocket.com, Inc."
"62785","US | Splitter Interactive, LLC"
"62838","Reprise Hosting"
"62874","WEB2OBJECTS - Web2Objects LLC, US"
"62878","US | Xlitt"
"62899","Clarity Web Hosting Inc."
"62904","EONIX-COMMUNICATIONS-ASBLOCK-62904 - Eonix Corporation, US"
"62922","US | Clickjet Media"
"62927","US | Moose-Tec"
"62956","FIBERHUB-DDOS - VegasNAP, LLC"
"63008","CONTINA - Contina, US"
"63018","USDEDICATED - US Dedicated, US"
"63043","US | ZERO DDOS LLC"
"63119","AS-63119 - netirons, US"
"63128","RBLHST-TOR - Strong Technology, LLC., US"
"63129","DL Host"
"63157","IN | AS-NEWFX - NewFX Labs, Inc., ZZ"
"63199","CDSC-AS1 - Capitalonline Data Service Co.,LTD, US"
"63213","Astute Hosting Inc."
"63410","PRIVATESYSTEMS - PrivateSystems Networks, US"
"63473","HOSTHATCH-ASN - HostHatch, Inc, US"
"63485","US | PATRIOT-ASN - Patriot Web Solutions, US"
"63518","SunnyVision Limited (SV-AS)"
"63916","RSH Hosting Network"
"63940","dragonhispeed (DRAGONHISPEED-AS-AP)"
"63949","LINODE-AP Linode, LLC, US"
"63990","US | PROTRAFSOLUTIONS-AS-AP ProTraf Solutions LLC,AU"
"64013","US | PING-GLOBAL Ping Global ASN, HK"
"64035","AU | ZIRTUE-AS Zirtue, LLC, AU"
"64056","KAZILALLC-AS-AP Kazila LLC, AU"
"64067","HK | STACK-HK Stack Network Limited, HK"
"64080","SYN-UK (SYN)"
"64085","ZA | Safren Computer Services"
"64245","AS-DIGITALFYRE - DigitalFyre Internet Solutions, LLC., US"
"64408","eTarg Media ApS (VOKER-AS)"
"64437","NForce Entertainment B.V. (NFORCE-FTTB-FTTH)"
"64484","ASDMZHOST, NL"
"64495","Eurofiber Cloud Infra B.V. (DCSPINE)"
"65075","US | Private Use AS"
"80780","US | Clnetworks Inc"
"131199","Nexeon Technologies, Inc."
"131321","US | FASTMAILPRESSLTD-AS-AP Fastmail Press LTD, GB"
"131334","JP | MAXHIGH-HK MAX HIGH,HK"
"131472","TH | DRAGONHISPEED-TH 807/315 m.8 Coocot,TH"
"131788","AU | FUTURINT-IN FUTURISTIC INTERNET SERVICES PRIVATE LIMITED, IN"
"132068","DIGICORE-HK"
"132070","Interhost Pacific Pty Ltd t/a Intervolve."
"132071","Interhost Pacific Pty Ltd t/a Intervolve"
"132212","NZ | YOUNGSTOWN-AS-AP Youngstown Systems LLC, US"
"132225","Hosted Continuity Pty Ltd"
"132231","CN | BBTECNETWORKS-HK RM18, 9/F., Kwan Yick Building Phase 1, 430-440A Des Voeux Rd. West.,HK"
"132372","GB Network Solutions Sdn. Bhd."
"132425","APC Hosting Pte Ltd"
"132509","DIGIWEB ADVANCED HOSTING LIMITED"
"132717","NxtGen Datacenter &amp; Cloud Technologies Pvt. Ltd."
"132779","RackBank Datacenters Private Ltd"
"132816","SIMPLERCLOUD-AS-AP SimplerCloud Pte Ltd, SG"
"132869","Dedicated-Hosting Solutions"
"133120","Hosted Network Pty. Ltd."
"133143","Medihost Solutions Pty Ltd"
"133222","IN | ALPHAINFONETWORK-AS AlphaInfonet, IN"
"133229","Host Palace Internet Services"
"133296","WEBWERKS-AS-IN Web Werks India Pvt. Ltd., IN"
"133320","IN | Alpha Infolab Private limited"
"133393","Naki Host Limited"
"133480","INTERGRID-AS-AP Intergrid Group Pty Ltd, AU"
"133752","LSW-HK Leaseweb Asia Pacific pte. ltd., HK"
"133855","CN | INFOLINK-AS Infolink Communications,HK"
"134190","MY | IPDC SOLUTIONS SDN BHD"
"134370","SunnyVision Limited (SUNNYVISION-HK)"
"134451","NME-INDONESIA-AS-AP NewMedia Express Pte Ltd, ID"
"134520","GigsGigsCloud (GigsGigsCloud-AS-AP)"
"134837","AU | ZIRTUELLC-AS-AP Zirtue, LLC, AU"
"135004","ID | NORTHERN-GLOBAL_TRANSIT Northern-Global Transit, AU"
"135028","RO | FLAMEHOSTING-AS-AP FLAMEHOSTING"
"135113","SunnyVision Limited (SUNNYVISION-HK)"
"135402","US | COUNTRYHOST-AS-AP Flamehosting"
"135555","GB | UOL-AS-AP Unbeatable Online LTD, GB"
"135562","US | DEDIMAXASIALTD-AS-AP DEDI MAX ASIA LTD, US"
"135822","Ovi Hosting Pvt Ltd"
"136258","ONEPROVIDER-AS BrainStorm Network, Inc, CA"
"136557","Host Universal Pty Ltd (Surfshark)"
"136787","TEFINCOM S.A."
"136945","CN | TDL-AS-AP Teleneut Datacenters"
"137235","Wired ISP Inc. (US-FXCAPITAL / Flamehosting group)"
"137409","GSL Networks (PIA)"
"137434","CN | NSIH North Star Information Hi.tech Ltd. Co., CN"
"137517","MY | FLAMEHOSTING-AS-AP FLAMEHOSTING INC"
"137951","ZA | Clayer Limited"
"138415","Yancy Limited (YANCYLIMITED-AS-HK)"
"138915","Kaopu Cloud HK Limited"
"139610","ahbr company limited (abstation)"
"141039","Packethub s.a."
"147049","PacketHub S.A."
"196612","GHOSTnet GmbH (KleyReX-32)"
"196645","Hostpro Ltd."
"196678","OOO Hosterov"
"196716","CN | PEGASCRIMEA Pegas Crimea Ltd,UA"
"196745","Datacenta Hosting Ltd"
"196827","Credocom Hosting ApS"
"196866","DHOSTING-AS - dhosting.pl Sp. z o.o."
"196875","GCI Network Solutions Limited (NASSTAR-MON-AS)"
"196976","team.blue Denmark A/S (Flexfone-AS)"
"197043","DE | WEBTRAFFIC , DE"
"197123","team.blue Denmark A/S (team-blue-Denmark)"
"197145","UA | -Reserved AS-,ZZ"
"197155","ARTNET, PL"
"197286","CZ | ASJDMNET David Jarolimek,CZ"
"197328","INETLTD, TR"
"197372","NMA Hosting Solutions BV"
"197395","Ark B Hosting BV"
"197426","PT | BITCANAL-AS, PT"
"197439","Sylon Hosting GmbH"
"197471","MASSRESPONSE-AS3 / Mass Response Service GmbH"
"197540","netcup GmbH"
"197549","GHOSTnet GmbH (DE-TopColo)"
"197569","UA | ENERGOMONTAZH-AS , RU"
"197648","MEGA HOST LIMITED"
"197695","REG.RU Ltd (AS-REGRU)"
"197706","Keminet SHPK"
"197812","UA | ASFERAZKO, UA"
"197902","Hostnet B.V."
"197911","RU-JSCIOT (JSC IOT / ISPsystem, RU)"
"197914","Stockho Hosting SARL"
"198047","UK Webhosting Ltd"
"198153","AS SEIDOR DATACENTER SANTANDER"
"198171","HOSTING90 systems s.r.o."
"198220","GoGrid - Rackspace Ltd."
"198310","PALLADA-AS, RU"
"198313","SystemHOST Limited"
"198332","Hosting Systems Ltd (HOSTINGSYSTEMS-AS32)"
"198343","Telenet SIA (TELENET-SIA-AS)"
"198347","Game-Hosting GH AB"
"198375","INULOGIC SARL, FR"
"198414","Biznes-Host.pl sp. z o.o."
"198432","Ipcore Datacenters S.L"
"198605","Avast"
"198651","HOSTLINE, UAB"
"198654","PEKITEL Ltd. (AS198654)"
"198692","Eurofiber Cloud Infra B.V. (BYTESNET-AS)"
"198968","Cyberneticos Hosting SL"
"198969","NovoServe B.V. (Magna-Pars-Internet-Technologies-AS)"
"199129","Next point Host EOOD."
"199159","Anexia Cloud Solutions GmbH (DATASIX)"
"199176","CZ | ASGIGALYNX Gigalynx s.r.o."
"199213","Venzo Hosting A/S"
"199218","Proton AG"
"199267","IL | Netstyle A. Ltd"
"199291","GCI Network Solutions Limited (BCDS)"
"199297","GB | SKTIC Skt Interconnect SRL,RO"
"199429","RO | PFA Dinu Laurentiu Viorel"
"199432","EG | SKTNET Skt Netcon SRL,RO"
"199481","K3 Hosting Limited"
"199524","G-Core Labs S.A."
"199653","ARUBAFR-AS, FR"
"199669","Okay-Telecom Ltd"
"199716","RO | SC Interconnect Data SRL"
"199733","Extrahost GmbH"
"199785","Cloud Hosting Solutions, Limited."
"199847","SORTA-HOSTING-SMLLC"
"199874","RO | Total Solution IT Consulting SRL"
"199883","ARUBACLOUDLTD-ASN, GB"
"199899","GORIWEB GEOCOM LLC"
"199990","LOCALHOST AS"
"199997","Ippon Hosting SARL"
"200000","Hosting Ukraine LTD"
"200019","ASCLOUDATA, MD"
"200039","HYDRACOM-AS, GB"
"200052","FERAL Feral Hosting"
"200074","IR | CITY_COMMERCE_BULGARIA-AS City Commerce Bulgaria Ltd"
"200079","ZA | MARKETOILBULGARIA-AS MarketOil Bulgaria Ltd,BG"
"200085","BG | POTOFGOLD_NETWORK-AS POTOFGOLD NETWORKS LLC"
"200088","ARTNET2 Artnet Sp. z o.o."
"200137","BG | INNETWORKS-AS , BG"
"200141","RU | STOMP-NET-AS STOPM Ivaylo Gochev"
"200147","Hosting Techniques Limited"
"200159","Adacor Hosting GmbH (ADACOR-2)"
"200185","Aruba S.p.A. (XANDMAIL-ASN)"
"200350","Yandex.Cloud LLC"
"200415","NForce Entertainment B.V. (NFORCE-US)"
"200436","Patron Technology Persia Ltd (tehrangaming-com)"
"200454","BG | Level-Next-Direct"
"200494","IN | TutisHost"
"200522","CDLAN SpA (CDLAN-SS)"
"200525","Hosting Ukraine LTD (HOSTING-UKRAINE-2)"
"200532","LLP Kompaniya Hoster.KZ"
"200557","RU | IT-KM LLC"
"200563","SPRINTHOST"
"200617","PE | FRAMEDESIGN, BG"
"200775","PT | DATAPROM-LLC, US"
"200859","LT | SPSBUILDING, BG"
"200904","Foxcloud Llp"
"201011","NETZBETRIEB-GMBH, DE"
"201014","axilaris GmbH (AXILARIS)"
"201200","SuperHosting.BG Ltd."
"201201","Datalogistics UAB Delska Lithuania"
"201233","US | COMSTROY , BG"
"201288","PE | DPT GROUP Ltd"
"201292","FR | BETECH BeTech Solution SASU,FR"
"201351","ZA | FILMATA _FILMATA_ LTD,BG"
"201360","Neterra Ltd (MYASSETS-AS)"
"201449","Digital Absolut Business - Servidor, Virtualizacao, Cluster, Datacenters e Telecomunicacoes"
"201499","SPRINTHOST"
"201509","DE | Sky Capital Investments Ltd."
"201525","HZ-CA-AS, BG"
"201553","Excom cloud S.L."
"201597","NE-IT Hosting B.V."
"201630","QHOSTER LTD."
"201634","Ingram Micro Hosting B.V."
"201640","BR | MEGA-SPRED MEGA - SPRED LTD,BG"
"201670","Novahosting Ltd."
"201702","skHosting.eu s.r.o."
"201709","HanDS Hanse Datacenter Services GmbH"
"201813","MD | Starhost SRL"
"201862","VMhosts Ltd"
"201875","InterRacks B.V. (TRENDINGJOBS-AS)"
"201963","DE | SCALEIT-AS , DE"
"201972","REG.RU Ltd (RR-LOGL-AS)"
"201983","Ansluten Hosting i Sverige AB"
"202015","HZ-US-AS"
"202023","LLHost Inc"
"202053","UPCLOUD, FI"
"202118","Go Hosting S.P.R.L."
"202144","UA | TOV CHEMPIR"
"202153","NetActuate Inc (tqhosting-kar01)"
"202171","US | RIJX Jessica Jaye Parker, trading as RIJX,EU"
"202193","CZ | ASVLADIVA VLADIVA COMPANY s.r.o.,CZ"
"202242","Aruba S.p.A. (ARUBACLOUD-ASN)"
"202278","UA | ARHBUDEXPERT-AS, UA"
"202413","UA | LLC "
"202422","G-Core Labs S.A."
"202425","KN | IP Volume inc"
"202436","UA | Ovcharov Oleksandr Mykhailovych"
"202448","MVPS LTD"
"202469","DK | IPv4 Hosting SRL"
"202470","MD | CLOUD-NETWORK"
"202502","Eurolir-AS LLC 'ATOM3'"
"202511","SC ITNS.NET SRL (HOSTING)"
"202527","GB | AOREL TECHNOLOGY INVESTMENTS LLC"
"202533","US | Forcenet_LLC"
"202614","GB | SENDOQ, GB"
"202656","XServerCloud - Ivanov Vitaliy Sergeevich (xserver.ua)"
"202661","RO | VR Endeavors LLC"
"202675","Keliweb"
"202678","US | Social Endeavors LLC"
"202693","MD | ANROSTV, MD"
"202702","RO | Jasper Findings LLC"
"202726","NO | SKYLINE, GB"
"202750","DE | BG-WEISSWEB, BG"
"202759","RJ Network OU"
"202762","INFERNO-EVENTS Inferno Communications Ltd"
"202769","RO | Cooperative Investments LLC"
"202791","CLOUDSRV-ANY Clouvider Limited"
"202792","CLOUD-TRANSIT Clouvider Limited"
"202816","team.blue Denmark A/S (team-blue-Nordics)"
"202836","-Reserved AS-, ZZ"
"202910","Internet Vikings International AB (cheetah)"
"202920","DATACLUBv2 (SIA RixHost / DataClub)"
"202922","Internet Vikings International AB"
"202923","STW-ACCESS"
"202958","Hoster-ALM (Hoster.KZ - Almaty)"
"202969","RU | LLC Avikom"
"203000","Asiatech Data Transmission company (AMIN-ASIA)"
"203020","HostRoyale Technologies Pvt Ltd (Mullvad)"
"203025","MD | INFOCLOUD-AS"
"203040","UK | Mint Company LLP"
"203044","UA | WILLBOWGROUP-AS , UA"
"203055","Mega Limited (MEGA-LIMITED-AS)"
"203059","BG | SKYLINE, RO"
"203069","RO | EDISON, RO"
"203120"," | Global Telecom Group LLC"
"203178","AXARNET-RESERVED / Axarnet Comunicaciones S.L."
"203191","Internet Vikings International AB"
"203192","Internet Vikings International AB"
"203193","Internet Vikings International AB"
"203194","Internet Vikings International AB"
"203213","Internet Vikings International AB"
"203240","Internet Vikings International AB"
"203241","Internet Vikings International AB"
"203273","NetCrafters OU (Aeza/AS-AEZA)"
"203295","Internet Vikings International AB"
"203297","Internet Vikings International AB"
"203298","Internet Vikings International AB"
"203300","Internet Vikings International AB"
"203319","GIR-AS-1 GLOBAL INTERNET SOLUTIONS LLC"
"203320","RO | Next Stride Srl"
"203346","AS-232WEB / Proper Support LLP"
"203405","RU | ASTELENETMEDIA LLC Telenet-Media,RU"
"203418","CA | MARKETIGAMES_LLC, GB"
"203443","GB | Indert Connection Lp"
"203523","VIRTONO-NETWORKS, RO"
"203552","Internet Vikings International AB"
"203557","DATACLUB-NL (SIA RixHost / DataClub)"
"203565","UA | UKRSPECLUX-AS, UA"
"203610","Internet Vikings International AB"
"203624","SC ITNS.NET SRL (COLOCATION-CORPO)"
"203625","Internet Vikings International AB"
"203629","TERRAHOST_AS, NO"
"203631","RU | CONTEL-AS , RU"
"203694","RU | INFORMTEHTRANS-AS , RU"
"203706","RU | RUSHOSTING-AS LLC Rushosting"
"203800","Internet Vikings International AB"
"203812","High Availability Hosting Limited (GlobalDirectDelivery Ltd)"
"203814","Internet Vikings International AB"
"203833","firstcolo GmbH (AT-FIRSTCOLO)"
"203839","Internet Vikings International AB (ALPHA)"
"203842","AcoraAPC-AS Acora Limited"
"203950","MD | INFOCLOUD"
"203973","Eurolir-AS LLC 'ATOM3'"
"203999","GEEKYWORKS, IL"
"204085","GB | Next Global Services L.p."
"204089","RO | Neoland SRL"
"204093","WIIT AG (WIITGroup)"
"204105","UA | TFF-AS, BG"
"204139","GB | NEXTGLOBALSERVICES, GB"
"204185","ru | LLC UK Partner"
"204187","CREANOVA-AS-DRP / Oy Crea Nova Hosting Solution Ltd"
"204188","RU | LLC SK Continent"
"204196","ABELOHOST, NL"
"204210","RU | CJSC TEPLOVODOMER"
"204223","ZA | LLC-TEHNOKOM-AS LLC Tehnokom, RU"
"204264","PUREIP Pure IP Limited"
"204287","HostRoyale Technologies Pvt Ltd"
"204293","UA | LLC SOLAR STRATEGIA"
"204333","DE | KING-HEBERG, EE"
"204427","TWC-US Timeweb, LLP"
"204472","US | A K Digital Media"
"204652","team.blue Denmark A/S (team-blue-Denmark-Anycast)"
"204655","NL | Novogara LTD"
"204770","CHERRYSERVERS3-AS - UAB Cherry Servers"
"204794","Contrust Solutions S.R.L."
"204815","UA | AS204815 LLC SOLAR STRATEGIA"
"204868","Contrust Solutions S.R.L."
"204872","IT | Starhost SRL"
"204895","RU | SANTAPLUS-ASN, RU"
"204915","AWEX Hostinger International Limited"
"204916","racktech"
"204957","Green Floid LLC"
"204992","CZ | NETRAGY1, CZ"
"205124","ES | Telehost SRL"
"205145","US | Start Telecom LLC"
"205185","Eurofiber Cloud Infra B.V. (DCSPINE)"
"205231","Office (LLP Kompaniya Hoster.KZ)"
"205301","Contrust Solutions S.R.L."
"205370","Telenet SIA (LJA-AS)"
"205411","WIIT AG (BOREUS)"
"205467","BASEIP-LAX"
"205537","Scaleway SAS (Association42)"
"205565","GB | BASETELECOMMUNICATIONSLLP, GB"
"205692","UA | Webinvest Plus LLC"
"205727","Aruba S.p.A. (ARUBAPL-AS)"
"205744","Vola (Excom cloud S.L.)"
"205745","Contrust Solutions S.R.L."
"205758","xTom GmbH"
"205770","MD | AUTOMATICA, MD"
"205824","DE | INNOVATINGCHANNEL, DE"
"205830","CYMRG-AS Digital Transformation Plus LLC"
"205835","MD | STEFANVODA-UL, MD"
"205842","GB | LINKWEBSOLUTIONS, GB"
"205848","IE | DATAHOSTINGLTD"
"205857","DE | DPS-ASN, CZ"
"205869","PL | UISCAS, PL"
"205873","IE | IE-GARZETTA, IE"
"205884","MD | ENGR-CIORESCU, MD"
"205911","SC ITNS.NET SRL (HOSTING)"
"205944","US | MEDIACLICK, US"
"206005","RO | CAHUL-BRANCH, MD"
"206017","SC ITNS.NET SRL (HOSTING)"
"206068","MD | HOSTING-UP"
"206074","ASCOMMONDIGIT F.N.S. HOLDINGS LIMITED"
"206085","SC ITNS.NET SRL (HOSTING)"
"206087","GB | ADOARDGLOBALREACHLLC, GB"
"206092","IPXO"
"206110","AS-1CL - 1 Cloud Lab s.r.o. (ex-Colocall)"
"206127","MD | MDA-ENVER, MD"
"206136","CLOUDSRV-NORTH Clouvider Limited"
"206144","NA-Transit Clouvider Limited"
"206150","CubeFocus-AS F.N.S. HOLDINGS LIMITED"
"206164","ASREACHABLENET F.N.S. HOLDINGS LIMITED"
"206178"," | Global Network Point LLC"
"206233","IR | LAYROUTE-AS, DK"
"206246","DE | REACHMEDIASKY, DE"
"206305","Contrust Solutions S.R.L."
"206340","Contrust Solutions S.R.L."
"206352","GB | MEDIACONNECTIVE, GB"
"206361","UK | SENDOQ TELECOMMUNICATIONS LLC"
"206363","PE Freehost (greyn)"
"206407","RECONN-SPB"
"206413","Contrust Solutions S.R.L."
"206469","AT | NETWORKEDCREATIVITY, AT"
"206535","Contrust Solutions S.R.L."
"206552","SC ITNS.NET SRL (ITNS-COLOCATION)"
"206560","Contrust Solutions S.R.L."
"206566","SAVANACZ Webglobe, s.r.o."
"206570","i3D.net B.V. (i3Dnet-AE)"
"206582","Contrust Solutions S.R.L."
"206590","MD | SIS-TRANSIT, MD"
"206592","ES | Rockthetraveller, SL"
"206622","SC ITNS.NET SRL (ITNS-TECHNOLOGIES)"
"206623","Contrust Solutions S.R.L."
"206644","MD | Ianciuc Invest Srl"
"206654","MD | Tehnoinstal Srl"
"206728","RU | Media Land LLC"
"206744","Contrust Solutions S.R.L."
"206750","MD | ENVER, MD"
"206751","RU | Fibre Optix LLC"
"206804","EstNOC OY"
"206812","REG.RU Ltd (Reddock)"
"206822","CLOUDNET Clouvider Limited"
"206847","SC ITNS.NET SRL (TRANZIT)"
"206848","UKCDN Clouvider Limited"
"206898","Server Hosting Pty Ltd"
"206932","MIRHOSTING-NL (MIRhosting B.V.)"
"206977","RU | CONTMP-AS, RU"
"206986","GLOBALCDN Clouvider Limited"
"207019","TNCL Clouvider Limited"
"207020","ProMarketingCentral - Pro Marketing Central LLC"
"207031","Nexthop AS (V-HOSTING-AS)"
"207088","GB | ADOARD, GB"
"207096","GB | ASLINKWEB, GB"
"207108","US | Skylinevision Telecom LLC"
"207134","PHOENIXNAP-SRB PHOENIX NAP, LLC."
"207137","PacketHub (NordVPN)"
"207155","GB | Home Web Development LLP"
"207158","WORLDCDN Clouvider Limited"
"207199","team.blue Denmark A/S (ZITCOM)"
"207200","RU | DIMEWEB-NET, RU"
"207333","Hoster-AST (Hoster.KZ - Astana)"
"207701","Talia Limited (DataGrid)"
"207713","GIR-AS"
"207785","HOSTLINE, UAB (HSTL)"
"207841","INFERNO Inferno Communications Ltd"
"207957","SERV.HOST GROUP LTD"
"207990","HostRoyale (SurfShark)"
"208151","ITSG-DIGEN-AS"
"208154","ELIN.hu Informatikai Szolgaltato es Tanacsado Kft."
"208172","Proton AG"
"208317","Contrust Solutions S.R.L."
"208476","NL | Danilenko, Artyom"
"208582","EASYNAME"
"208677","Cloud.ru"
"208685","Qbine-AS / Serverius Holding B.V."
"208846","UA | LLC atom3"
"208982","xTom GmbH"
"209032","Cure Net Sp. z o.o. (CURENET)"
"209103","Proton AG"
"209128"," | Speedyinternet Limited"
"209132","Alviva Holding Limited (AS-ALVIVA)"
"209272","AS-ALVIVA"
"209375","Contrust Solutions S.R.L."
"209396","Contrust Solutions S.R.L."
"209445","NovoServe B.V. (NOVOSERVE-DENMARK-AS)"
"209559","GB | Bcoolt Creative Media"
"209574","US | Quest It Services LLC"
"209623","SE | David Craig"
"209686","GB | Allied Management"
"209723","GB | AS_EXPERT, GB"
"209735","US | ACME CONSOLIDATED, INC."
"209836","Toesegaran Shabakeh Arseh Novin Ltd"
"209843"," | PlanB Infrastructure Services/ LLC"
"209847","WorkTitans B.V."
"209868","Contrust Solutions S.R.L."
"209883","Contrust Solutions S.R.L."
"209889","Contrust Solutions S.R.L."
"209896","NL | Infocloud Group Srl"
"209944","Contrust Solutions S.R.L. (EJX)"
"209945","SC ITNS.NET SRL (MDIX)"
"209946","UA | ALINDA LLC"
"209961","Contrust Solutions S.R.L."
"209963","Contrust Solutions S.R.L."
"209982","Contrust Solutions S.R.L."
"210011","ASPAPINC Wired ISP Inc. (US-FXCAPITAL / Flamehosting group)"
"210015","CZ | Interface Services LLC"
"210027","SC ITNS.NET SRL (HOSTING)"
"210138","FLOWSPEC LTD"
"210162","CHERRYSERVERS7-AS - UAB Cherry Servers"
"210239","UA | LLC "
"210257","Cyberneticos Hosting SL (cybernet)"
"210266","PHOENIXNAP-PL PHOENIX NAP, LLC."
"210273","WHF-LTD-AS, PL"
"210559","G-Core Labs (MOONAIR)"
"210644","Aeza International LTD"
"210756","EdgeCenter LLC (ExitLag)"
"210770","OCTOPUCE-LYON Octopuce s.a.r.l."
"210976","Timeweb, LLP"
"211027","racktech"
"211120","CARDOCK HOSTING LIMITED (as_grootwebhost)"
"211142","CARDOCK HOSTING LIMITED (as_gaussmanltd)"
"211165","CARDOCK HOSTING LIMITED (asbattyhost)"
"211421","Asiatech Data Transmission company (MOBINONE)"
"211522","Hypercore Ltd"
"211612","cache77 Datacamp Limited"
"211653","Cesar Maffini Martin (AS-Rabits-Storage)"
"211683","DC STAR nv (DCUNITED)"
"211803","CARDOCK HOSTING LIMITED (AS_INTER_ACT)"
"211805","MediaLandLLC-RU Media Land LLC"
"211895","Serverius-Users-as / Serverius Holding B.V."
"212095","RECONN-GVSERVICES"
"212169","CARDOCK HOSTING LIMITED (TECH-RMMINET)"
"212238","Datacamp"
"212477","RoyaleHosting BV"
"212667","ISPIRIA-AS"
"212811","GB | Eurowaste Management Srl"
"212820","axilaris GmbH (MH-CH-AS)"
"212872","Serverio / Serverio technologijos MB"
"213058","NL | Private Internet Hosting LTD"
"213137","NL | Infocloud Srl"
"213169","Catixs-Edge - Catixs Ltd"
"213200","Ferdinand Zink trading as Tube-Hosting"
"213224","Aruba S.p.A. (ARUBAENTERPRISE-ASN)"
"213254","Russia | RAIT-TELECOM"
"213277","ALOJARPT (Alojar web hosting, PT)"
"213287","Pure-IP-Europe-BV Pure IP Limited"
"213322","LT | Venito Reklama, UAB"
"213367","DE | Neoland Logic Solutions SRL"
"213391","IL-IX Interhost Communication Solutions Ltd."
"213535","YottaSrc"
"213702","QWINS LTD"
"213877","u1host ltd"
"213887","WAIcore Ltd"
"213896","UAB Cherry Servers"
"213999","THE-CLIENTS WorkTitans B.V."
"214002","WIIT AG (WIIT-DUS)"
"214073","Heart Internet limited (heart-internet-uk)"
"214116","AcoraAPC2-AS Acora Limited"
"214159","UAB Cherry Servers"
"214231","EuroCTP (Aeza/AS-AEZA)"
"214238","Host Telecom Ltd (Pq Hosting Plus)"
"214308","RACKFOREST2-AS Rackforest Zrt."
"214320","Sergei Saliukov"
"214481","WCZAPKOWICZ-AS as214481as-wczapkowicz Chunkserve Backbone Transit, PL"
"214813","ESAB-END-USERS-AS 31173 Services AB"
"214996","netcup netcup GmbH"
"215224","NovoServe B.V. (NOVOSERVE-CUSTOMERS-AS)"
"215300","Global Layer B.V. (GLOBALLAYER-SA)"
"215322","UK Dedicated Servers Limited (connectcov)"
"215439","play2go.cloud"
"215540","GLOBAL CONNECTIVITY SOLUTIONS LLP"
"215549","InterRacks B.V. (ENS-IX)"
"215590","DpkgSoft International Limited"
"215607","dataforest GmbH"
"215613","Anton Levin (PE-LEVIN-AS / VDSka hosting)"
"215626","SIADC (SIA RixHost / DataClub)"
"215730","H2NEXUS LTD"
"215760","DisPaisy Enterprises (DISPAISY-AS / Adam Grazioli)"
"215989","CATFISH Datacamp Limited"
"215991","Darkfibre (HostRoyale Technologies Pvt Ltd)"
"216071","Servers Tech Fzco"
"216139","Iron Hosting Centre LTD"
"216154","Clodo Cloud Service Co. L.L.C"
"216246","Aeza Group LLC"
"216368","Petersburg Internet Network ltd (PINVDS)"
"216444","CHERRYSERVERS4-AS - UAB Cherry Servers"
"262170","Visualhosting.net"
"262254","RU | DDOS-GUARD CORP."
"262267","PA | American Servers and Networks"
"262287","Maxihost Hospedagem de Sites Ltda"
"262603","INTERNET E WEB HOSTING SERV DE INFORMATICA LTDA"
"262916","US | TV de Uruapan, S.A."
"262978","Centro de Tecnologia Armazem Datacenter Ltda."
"262990","CENTER HOSTING TECNOLOGIA EIRELI"
"263032","Empire Host"
"263093","Hostgator Brasil Hospedagem e suporte tecnico LTDA"
"263168","US | SunTelecom LTD"
"263203","PA | PC Group PTY S.A., PA"
"263237","HOST E.I.R.L."
"263734","HN | CLNETWORKS SA, HN"
"263735","US | SOCIEDAD BUENA HOSTING"
"263740","HN | Corporacion Laceibanetsociety, HN"
"263744","HN | Udasha S.A., HN"
"263745","HN | TECNOLOGIAS VIRTUALES S.A., HN"
"263812","SONDATECH S.A.S."
"263821","HN | Soluciones Favorables, HN"
"263829","HN | HOST PARA TU VIDA S.A."
"327705","FUTA, NG"
"327784","FIDELITY-BANK, NG"
"327790","ZA | Wirels-Connect, ZA"
"327813","Web4Africa, ZA"
"327942","LANDMARK-UNIVERSITY, NG"
"328035","Zeta-Web-Nigeria-AS, NG"
"328095","ZA | BLUEGATE-EXCHANGE-AS, ZA"
"393326","Hosting4Biz"
"393504","US | XNSTG"
"393646","US | Primelink Services LLC"
"393715","US | Starlight Systems LLC, Vero Beach, FL, USA"
"393886","LEASEWEB-USA-MIA-11 - Leaseweb USA, Inc., US"
"393927","JP | VOI-NET-INC - VOI NET INC., CA"
"393956","US | HYDRABURX-CORPORATION - HYDRABURX CORPORATION, US"
"394021","US | Fiber Galaxy"
"394143","US | Fairway Network, Inc."
"394194","US | OPTIMUMTIER - Optimum Tier, Inc., US"
"394256","CLOUDSINGULARITY - Tech Futures Interactive Inc., CA"
"394330","LTDBROADBAND - LTD Broadband LLC, US"
"394380","LEASEWEB-USA-DAL-10 - Leaseweb USA, Inc., US"
"394625","WHITELABELIT - WhiteLabel IT Solutions Corp, US"
"394727","Nodisto IT, LLC"
"394738","COLOCROSSING - HostPapa"
"394896","Ace Host, LLC"
"395089","HEXTET - Hextet Systems, CA"
"395105","SC | HYTEC-7779 - Hytech Inc., US"
"395111","KVCNET-2009 - KVCHOSTING.COM LLC, US"
"395358","US | Starlight Solutions LLC"
"395561","US | Absolute Connections, LLC"
"395954","LEASEWEB-USA-LAX-11 - Leaseweb USA, Inc., US"
"395978","UNKNOWN"
"396190","LEASEWEB-USA-SEA-10 - Leaseweb USA, Inc., US"
"396356","Latitude.sh"
"396362","Leaseweb USA, Inc."
"396366","WJY - WJY LLC (Micfo)"
"396412","US | Broadband Zone, LLC"
"396507","EMERALD-ONION - Emerald Onion, US"
"396534","DEEPSYS - Deep Systems LLC"
"396982","Google LLC"
"397384","LAUNCHVPS - LaunchVPS"
"397423","Tier.net"
"397539","US | LAKSH CYBERSECURITY AND DEFENSE LLC"
"398217","US | GUIDANCE-HOSTING"
"398779","ACEHOST"
"399629","BLNWX"
"399936","PBX-SALTLAKECITY - PBXIO LLC"
"399994","PBX-LASVEGAS - PBXIO LLC"
"400882","Cyber Data LLC (Mullvad)"
"401152","ADCIL-ASN-01, US"
"402032","GHS-WI - Genesis Hosting Solutions, LLC"
